ID,C_SWIFT_C,CLASS_ID
140219997236,BLOPIT2263V,CL_BANK_F
140219997286,BLOPIT2263W,CL_BANK_F
140219997336,BLOPIT2263X,CL_BANK_F
140219997386,BLOPIT22640,CL_BANK_F
140219997436,BLOPIT22641,CL_BANK_F
140219997486,BLOPIT22642,CL_BANK_F
140219997536,BLOPIT22644,CL_BANK_F
140219997586,BLOPIT22645,CL_BANK_F
140219997636,BLOPIT22647,CL_BANK_F
140219997686,BLOPIT22648,CL_BANK_F
140219997736,BLOPIT2264A,CL_BANK_F
140219997786,BLOPIT2264Y,CL_BANK_F
140219997836,BLOPIT2264Z,CL_BANK_F
140219997886,BLOPIT22651,CL_BANK_F
140219997936,BLOPIT22653,CL_BANK_F
140219997986,BLOPIT22655,CL_BANK_F
140219998036,BLOPIT22656,CL_BANK_F
140219998086,BLOPIT22657,CL_BANK_F
140219998136,BLOPIT22659,CL_BANK_F
140219998186,BLOPIT2265B,CL_BANK_F
140219998236,BLOPIT2265C,CL_BANK_F
140219998286,BLOPIT2265D,CL_BANK_F
140219998336,BLOPIT2265E,CL_BANK_F
140219998386,BLOPIT22660,CL_BANK_F
140219998436,BLOPIT22661,CL_BANK_F
140219998486,BLOPIT22664,CL_BANK_F
140219998536,BLOPIT22666,CL_BANK_F
140219998586,BLOPIT22667,CL_BANK_F
140219998636,BLOPIT22669,CL_BANK_F
140219998686,BLOPIT2266F,CL_BANK_F
140219998736,BLOPIT2266G,CL_BANK_F
140219998786,BLOPIT2266H,CL_BANK_F
140219998836,BLOPIT2266I,CL_BANK_F
140219998886,BLOPIT22673,CL_BANK_F
140219998936,BLOPIT22676,CL_BANK_F
140219998986,BLOPIT2267J,CL_BANK_F
140219999036,BLOPIT2267K,CL_BANK_F
140219999086,BLOPIT2267L,CL_BANK_F
140219999136,BLOPIT2267M,CL_BANK_F
140219999186,BLOPIT2267N,CL_BANK_F
140219999236,BLOPIT2267O,CL_BANK_F
140219999286,BLOPIT2267P,CL_BANK_F
140219999336,BLOPIT2267Q,CL_BANK_F
140219999386,BLOPIT2268A,CL_BANK_F
140219999436,BLOPIT2268R,CL_BANK_F
140219999486,BLOPIT2268S,CL_BANK_F
140219999536,BLOPIT2268T,CL_BANK_F
140219999586,BLOPIT2268U,CL_BANK_F
140219999636,BLOPIT2268V,CL_BANK_F
140219999686,BLOPIT2268W,CL_BANK_F
140219999736,BLOPIT2268X,CL_BANK_F
140219999786,BLOPIT2268Y,CL_BANK_F
140219974636,BLOPIT22013,CL_BANK_F
140219974686,BLOPIT22014,CL_BANK_F
140219974736,BLOPIT22015,CL_BANK_F
140219974786,BLOPIT22016,CL_BANK_F
140219974836,BLOPIT22017,CL_BANK_F
140219974886,BLOPIT22018,CL_BANK_F
140219974936,BLOPIT22019,CL_BANK_F
140219974986,BLOPIT22020,CL_BANK_F
140219975036,BLOPIT22021,CL_BANK_F
140219975086,BLOPIT22022,CL_BANK_F
140219975136,BLOPIT22023,CL_BANK_F
140219975186,BLOPIT22024,CL_BANK_F
140219975236,BLOPIT22025,CL_BANK_F
140219975286,BLOPIT22026,CL_BANK_F
140219975336,BLOPIT22027,CL_BANK_F
140219975386,BLOPIT22028,CL_BANK_F
140219975436,BLOPIT22029,CL_BANK_F
140219975486,BLOPIT22030,CL_BANK_F
140219975536,BLOPIT22031,CL_BANK_F
140219975586,BLOPIT22032,CL_BANK_F
140219975636,BLOPIT22033,CL_BANK_F
140219975686,BLOPIT22034,CL_BANK_F
140219975736,BLOPIT22035,CL_BANK_F
140219975786,BLOPIT22036,CL_BANK_F
140219975836,BLOPIT22037,CL_BANK_F
140219975886,BLOPIT22038,CL_BANK_F
140219975936,BLOPIT22039,CL_BANK_F
140219975986,BLOPIT22040,CL_BANK_F
140219976036,BLOPIT22041,CL_BANK_F
140219976086,BLOPIT22042,CL_BANK_F
140219976136,BLOPIT22043,CL_BANK_F
140219976186,BLOPIT22044,CL_BANK_F
140219976236,BLOPIT22045,CL_BANK_F
140219976286,BLOPIT22046,CL_BANK_F
140219976336,BLOPIT22047,CL_BANK_F
140219976386,BLOPIT22048,CL_BANK_F
140219976436,BLOPIT22049,CL_BANK_F
140219976486,BLOPIT22050,CL_BANK_F
140219976536,BLOPIT22051,CL_BANK_F
140219976586,BLOPIT22052,CL_BANK_F
140219976636,BLOPIT22053,CL_BANK_F
140219976686,BLOPIT22054,CL_BANK_F
140219976736,BLOPIT22055,CL_BANK_F
140219976786,BLOPIT22056,CL_BANK_F
140219976836,BLOPIT22057,CL_BANK_F
140219976886,BLOPIT22058,CL_BANK_F
140219976936,BLOPIT22059,CL_BANK_F
140219976986,BLOPIT22060,CL_BANK_F
140219977036,BLOPIT22061,CL_BANK_F
140219977086,BLOPIT22062,CL_BANK_F
140219977136,BLOPIT22063,CL_BANK_F
140219977186,BLOPIT22064,CL_BANK_F
140219977236,BLOPIT22065,CL_BANK_F
140219977286,BLOPIT22066,CL_BANK_F
140219977336,BLOPIT22067,CL_BANK_F
140219977386,BLOPIT22068,CL_BANK_F
140219977436,BLOPIT22069,CL_BANK_F
140219977486,BLOPIT22070,CL_BANK_F
140219977536,BLOPIT22071,CL_BANK_F
140219977586,BLOPIT22072,CL_BANK_F
140219977636,BLOPIT22073,CL_BANK_F
140219977686,BLOPIT22074,CL_BANK_F
140219977736,BLOPIT22075,CL_BANK_F
140219977786,BLOPIT22076,CL_BANK_F
140219977836,BLOPIT22077,CL_BANK_F
140219977886,BLOPIT22078,CL_BANK_F
140219977936,BLOPIT22079,CL_BANK_F
140219977986,BLOPIT22080,CL_BANK_F
140219978036,BLOPIT22081,CL_BANK_F
140219978086,BLOPIT22082,CL_BANK_F
140219978136,BLOPIT22083,CL_BANK_F
140219978186,BLOPIT22084,CL_BANK_F
140219978236,BLOPIT22085,CL_BANK_F
140219978286,BLOPIT22086,CL_BANK_F
140219978336,BLOPIT22087,CL_BANK_F
140219978386,BLOPIT22088,CL_BANK_F
140219978436,BLOPIT22089,CL_BANK_F
140219978486,BLOPIT22090,CL_BANK_F
140219978536,BLOPIT22091,CL_BANK_F
140219978586,BLOPIT22092,CL_BANK_F
140219978636,BLOPIT22093,CL_BANK_F
140219978686,BLOPIT22094,CL_BANK_F
140219978736,BLOPIT22095,CL_BANK_F
140219978786,BLOPIT22096,CL_BANK_F
140219978836,BLOPIT22097,CL_BANK_F
140219978886,BLOPIT22168,CL_BANK_F
140219978936,BLOPIT22169,CL_BANK_F
140219978986,BLOPIT22170,CL_BANK_F
140219979036,BLOPIT22171,CL_BANK_F
140219979086,BLOPIT22172,CL_BANK_F
140219979136,BLOPIT22173,CL_BANK_F
140219979186,BLOPIT22174,CL_BANK_F
140219979236,BLOPIT22175,CL_BANK_F
140219979286,BLOPIT22176,CL_BANK_F
140219979336,BLOPIT22177,CL_BANK_F
140219979386,BLOPIT22178,CL_BANK_F
140219979436,BLOPIT22179,CL_BANK_F
140219979486,BLOPIT22180,CL_BANK_F
140219979536,BLOPIT22181,CL_BANK_F
140219979586,BLOPIT22182,CL_BANK_F
140219979636,BLOPIT22183,CL_BANK_F
140219979686,BLOPIT22184,CL_BANK_F
140219979736,BLOPIT22185,CL_BANK_F
140219979786,BLOPIT22186,CL_BANK_F
140219979836,BLOPIT22187,CL_BANK_F
140219979886,BLOPIT22188,CL_BANK_F
140219979936,BLOPIT22189,CL_BANK_F
140219979986,BLOPIT22190,CL_BANK_F
140219980036,BLOPIT22191,CL_BANK_F
140219980086,BLOPIT22192,CL_BANK_F
140219980136,BLOPIT22193,CL_BANK_F
140219980186,BLOPIT22194,CL_BANK_F
140219980236,BLOPIT22195,CL_BANK_F
140219980286,BLOPIT22196,CL_BANK_F
140219980336,BLOPIT22197,CL_BANK_F
140219980386,BLOPIT22198,CL_BANK_F
140219982986,BLOPIT22250,CL_BANK_F
140219983036,BLOPIT22251,CL_BANK_F
140219983086,BLOPIT22252,CL_BANK_F
140219983136,BLOPIT22253,CL_BANK_F
140219983186,BLOPIT22254,CL_BANK_F
140219983236,BLOPIT22255,CL_BANK_F
140219983286,BLOPIT22256,CL_BANK_F
140219983336,BLOPIT22257,CL_BANK_F
140219983386,BLOPIT22258,CL_BANK_F
140219983436,BLOPIT22259,CL_BANK_F
140219983486,BLOPIT22260,CL_BANK_F
140219983536,BLOPIT22261,CL_BANK_F
140219983586,BLOPIT22262,CL_BANK_F
140219983636,BLOPIT22263,CL_BANK_F
140219983686,BLOPIT22264,CL_BANK_F
140219983736,BLOPIT22265,CL_BANK_F
140219983786,BLOPIT22266,CL_BANK_F
140219983836,BLOPIT22267,CL_BANK_F
140219983886,BLOPIT22268,CL_BANK_F
140219983936,BLOPIT22269,CL_BANK_F
140219983986,BLOPIT22270,CL_BANK_F
140219984036,BLOPIT22271,CL_BANK_F
140219984086,BLOPIT22272,CL_BANK_F
140219984136,BLOPIT22273,CL_BANK_F
140219984186,BLOPIT22274,CL_BANK_F
140219984236,BLOPIT22275,CL_BANK_F
140219984286,BLOPIT22276,CL_BANK_F
140219984336,BLOPIT22277,CL_BANK_F
140219984386,BLOPIT22278,CL_BANK_F
140219984436,BLOPIT22279,CL_BANK_F
140219984486,BLOPIT22280,CL_BANK_F
140219984536,BLOPIT22281,CL_BANK_F
140219984586,BLOPIT22282,CL_BANK_F
140219984636,BLOPIT22283,CL_BANK_F
140219984686,BLOPIT22284,CL_BANK_F
140219984736,BLOPIT22285,CL_BANK_F
140219984786,BLOPIT22286,CL_BANK_F
140219984836,BLOPIT22287,CL_BANK_F
140219984886,BLOPIT22288,CL_BANK_F
140219984936,BLOPIT22289,CL_BANK_F
140219984986,BLOPIT22290,CL_BANK_F
140219985036,BLOPIT22291,CL_BANK_F
140219985086,BLOPIT22292,CL_BANK_F
140219985136,BLOPIT22293,CL_BANK_F
140219985186,BLOPIT22294,CL_BANK_F
140219985236,BLOPIT22295,CL_BANK_F
140219985286,BLOPIT22296,CL_BANK_F
140219985336,BLOPIT22297,CL_BANK_F
140219985386,BLOPIT22298,CL_BANK_F
140219985436,BLOPIT22299,CL_BANK_F
140219985486,BLOPIT22300,CL_BANK_F
140219985536,BLOPIT22301,CL_BANK_F
140219985586,BLOPIT22302,CL_BANK_F
140219985636,BLOPIT22303,CL_BANK_F
140219985686,BLOPIT22304,CL_BANK_F
140219985736,BLOPIT22305,CL_BANK_F
140219985786,BLOPIT22306,CL_BANK_F
140219985836,BLOPIT22307,CL_BANK_F
140219985886,BLOPIT22308,CL_BANK_F
140219985936,BLOPIT22309,CL_BANK_F
140219985986,BLOPIT22310,CL_BANK_F
140219986036,BLOPIT22311,CL_BANK_F
140219986086,BLOPIT22312,CL_BANK_F
140219986136,BLOPIT22313,CL_BANK_F
140219986186,BLOPIT22314,CL_BANK_F
140219986236,BLOPIT22315,CL_BANK_F
140219986286,BLOPIT22316,CL_BANK_F
140219986336,BLOPIT22317,CL_BANK_F
140219986386,BLOPIT22318,CL_BANK_F
140219986436,BLOPIT22319,CL_BANK_F
140219986486,BLOPIT22320,CL_BANK_F
140219986536,BLOPIT22321,CL_BANK_F
140219986586,BLOPIT22322,CL_BANK_F
140219986636,BLOPIT22323,CL_BANK_F
140219986686,BLOPIT22324,CL_BANK_F
140219986736,BLOPIT22325,CL_BANK_F
140219986786,BLOPIT22326,CL_BANK_F
140219986836,BLOPIT22327,CL_BANK_F
140219986886,BLOPIT22328,CL_BANK_F
140219986936,BLOPIT22329,CL_BANK_F
140219986986,BLOPIT22330,CL_BANK_F
140219987036,BLOPIT22331,CL_BANK_F
140219987086,BLOPIT22332,CL_BANK_F
140219987136,BLOPIT22333,CL_BANK_F
140219987186,BLOPIT22334,CL_BANK_F
140219987236,BLOPIT22335,CL_BANK_F
140219987286,BLOPIT22336,CL_BANK_F
140219987336,BLOPIT22337,CL_BANK_F
140219987386,BLOPIT22338,CL_BANK_F
140219987436,BLOPIT22339,CL_BANK_F
140219987486,BLOPIT22340,CL_BANK_F
140219987536,BLOPIT22341,CL_BANK_F
140219987586,BLOPIT22342,CL_BANK_F
140219987636,BLOPIT22343,CL_BANK_F
140219987686,BLOPIT22344,CL_BANK_F
140219987736,BLOPIT22345,CL_BANK_F
140219987786,BLOPIT22346,CL_BANK_F
140219987836,BLOPIT22347,CL_BANK_F
140219987886,BLOPIT22348,CL_BANK_F
140219987936,BLOPIT22349,CL_BANK_F
140219987986,BLOPIT22350,CL_BANK_F
140219988036,BLOPIT22351,CL_BANK_F
140219988086,BLOPIT22352,CL_BANK_F
140219988136,BLOPIT22353,CL_BANK_F
140219988186,BLOPIT22354,CL_BANK_F
140219988236,BLOPIT22355,CL_BANK_F
140219988286,BLOPIT22356,CL_BANK_F
140219988336,BLOPIT22357,CL_BANK_F
140219988386,BLOPIT22358,CL_BANK_F
140219988436,BLOPIT22385,CL_BANK_F
140219988486,BLOPIT22386,CL_BANK_F
140219988536,BLOPIT22387,CL_BANK_F
140219988586,BLOPIT22388,CL_BANK_F
140219988636,BLOPIT22389,CL_BANK_F
140219988686,BLOPIT22390,CL_BANK_F
140219988736,BLOPIT22391,CL_BANK_F
140219988786,BLOPIT22392,CL_BANK_F
140219988836,BLOPIT22393,CL_BANK_F
140219988886,BLOPIT22394,CL_BANK_F
140219988936,BLOPIT22395,CL_BANK_F
140219988986,BLOPIT22396,CL_BANK_F
140219989036,BLOPIT22397,CL_BANK_F
140219989086,BLOPIT22398,CL_BANK_F
140219989136,BLOPIT22399,CL_BANK_F
140219989186,BLOPIT22407,CL_BANK_F
140219989236,BLOPIT22408,CL_BANK_F
140219989286,BLOPIT2240A,CL_BANK_F
140219989336,BLOPIT2240B,CL_BANK_F
140219989386,BLOPIT2240C,CL_BANK_F
140219989436,BLOPIT2240D,CL_BANK_F
140219989486,BLOPIT2240E,CL_BANK_F
140219989536,BLOPIT2240F,CL_BANK_F
140219989586,BLOPIT2240G,CL_BANK_F
140219989636,BLOPIT2240H,CL_BANK_F
140219989686,BLOPIT22414,CL_BANK_F
140219989736,BLOPIT22415,CL_BANK_F
140219989786,BLOPIT2241I,CL_BANK_F
140219989836,BLOPIT2241J,CL_BANK_F
140219989886,BLOPIT2241K,CL_BANK_F
140219989936,BLOPIT2241L,CL_BANK_F
140219989986,BLOPIT2242M,CL_BANK_F
140219990036,BLOPIT2242N,CL_BANK_F
140219990086,BLOPIT22433,CL_BANK_F
140219990136,BLOPIT22434,CL_BANK_F
140219990186,BLOPIT22436,CL_BANK_F
140219990236,BLOPIT2243O,CL_BANK_F
140219990286,BLOPIT2243P,CL_BANK_F
140219990336,BLOPIT2243Q,CL_BANK_F
140219990386,BLOPIT2243R,CL_BANK_F
140219990436,BLOPIT2243S,CL_BANK_F
140219990486,BLOPIT2243T,CL_BANK_F
140219990536,BLOPIT2243U,CL_BANK_F
140219990586,BLOPIT22441,CL_BANK_F
140219990636,BLOPIT22447,CL_BANK_F
140219990686,BLOPIT2244A,CL_BANK_F
140219990736,BLOPIT2244B,CL_BANK_F
140219990786,BLOPIT2244C,CL_BANK_F
140219990836,BLOPIT2244V,CL_BANK_F
140219990886,BLOPIT2244W,CL_BANK_F
140219990936,BLOPIT2244X,CL_BANK_F
140219990986,BLOPIT2244Y,CL_BANK_F
140219991036,BLOPIT2244Z,CL_BANK_F
140219991086,BLOPIT22453,CL_BANK_F
140219991136,BLOPIT22454,CL_BANK_F
140219991186,BLOPIT22458,CL_BANK_F
140219991236,BLOPIT22459,CL_BANK_F
140219991286,BLOPIT2245D,CL_BANK_F
140219991336,BLOPIT2245E,CL_BANK_F
140079668252,,CL_BANK_N
140131632417,,CL_BANK_N
140192996252,,CL_BANK_F
140219999836,BLOPIT2268Z,CL_BANK_F
140219999886,BLOPIT22693,CL_BANK_F
140219999936,BLOPIT22694,CL_BANK_F
140219999986,BLOPIT22695,CL_BANK_F
140220000036,BLOPIT22698,CL_BANK_F
140220000086,BLOPIT2269B,CL_BANK_F
140220000136,BLOPIT2269C,CL_BANK_F
140220000186,BLOPIT2269D,CL_BANK_F
140220000236,BLOPIT2269E,CL_BANK_F
140220000286,BLOPIT2269F,CL_BANK_F
140220000336,BLOPIT2269G,CL_BANK_F
140220000386,BLOPIT22700,CL_BANK_F
140220000436,BLOPIT22702,CL_BANK_F
140220000486,BLOPIT22705,CL_BANK_F
140220000536,BLOPIT22708,CL_BANK_F
140220000586,BLOPIT22709,CL_BANK_F
140220000636,BLOPIT2270H,CL_BANK_F
140220000686,BLOPIT2270I,CL_BANK_F
140220000736,BLOPIT2270J,CL_BANK_F
140220000786,BLOPIT2270K,CL_BANK_F
140220000836,BLOPIT2270L,CL_BANK_F
140220000886,BLOPIT22711,CL_BANK_F
140220000936,BLOPIT22713,CL_BANK_F
140220000986,BLOPIT2271M,CL_BANK_F
140220001036,BLOPIT2271N,CL_BANK_F
140220001086,BLOPIT2271O,CL_BANK_F
140220001136,BLOPIT2271P,CL_BANK_F
140220001186,BLOPIT2271Q,CL_BANK_F
140220001236,BLOPIT2271R,CL_BANK_F
140220001286,BLOPIT2271S,CL_BANK_F
140220001336,BLOPIT2271T,CL_BANK_F
140220001386,BLOPIT2272A,CL_BANK_F
140220001436,BLOPIT2272B,CL_BANK_F
140220001486,BLOPIT2272C,CL_BANK_F
140220001536,BLOPIT2272D,CL_BANK_F
140220001586,BLOPIT2272U,CL_BANK_F
140220001636,BLOPIT2272V,CL_BANK_F
140220001686,BLOPIT2272W,CL_BANK_F
140220001736,BLOPIT2272X,CL_BANK_F
140220001786,BLOPIT2272Y,CL_BANK_F
140220001836,BLOPIT2272Z,CL_BANK_F
140220001886,BLOPIT22731,CL_BANK_F
140220001936,BLOPIT22736,CL_BANK_F
140220001986,BLOPIT2273E,CL_BANK_F
140220002036,BLOPIT2273F,CL_BANK_F
140220002086,BLOPIT2273G,CL_BANK_F
140220002136,BLOPIT2273H,CL_BANK_F
140220002186,BLOPIT2273I,CL_BANK_F
140220002236,BLOPIT2273J,CL_BANK_F
140220002286,BLOPIT2273K,CL_BANK_F
140220002336,BLOPIT2273L,CL_BANK_F
140220002386,BLOPIT22740,CL_BANK_F
140220002436,BLOPIT22746,CL_BANK_F
140220002486,BLOPIT22748,CL_BANK_F
140220002536,BLOPIT22749,CL_BANK_F
140220002586,BLOPIT2274M,CL_BANK_F
140220002636,BLOPIT2274N,CL_BANK_F
140220002686,BLOPIT2274O,CL_BANK_F
140220002736,BLOPIT2274P,CL_BANK_F
140220002786,BLOPIT2274Q,CL_BANK_F
140220002836,BLOPIT2274R,CL_BANK_F
140220002886,BLOPIT22750,CL_BANK_F
140220002936,BLOPIT22751,CL_BANK_F
140220002986,BLOPIT22752,CL_BANK_F
140220003036,BLOPIT22754,CL_BANK_F
140220003086,BLOPIT22755,CL_BANK_F
140220003136,BLOPIT22759,CL_BANK_F
140220003186,BLOPIT2275S,CL_BANK_F
140220003236,BLOPIT2275T,CL_BANK_F
140220003286,BLOPIT2275U,CL_BANK_F
140220003336,BLOPIT2275V,CL_BANK_F
140220003386,BLOPIT22760,CL_BANK_F
140220003436,BLOPIT22761,CL_BANK_F
140220003486,BLOPIT22765,CL_BANK_F
140220003536,BLOPIT22766,CL_BANK_F
140220003586,BLOPIT2276A,CL_BANK_F
140220003636,BLOPIT2276B,CL_BANK_F
140220003686,BLOPIT2276W,CL_BANK_F
140220003736,BLOPIT2276X,CL_BANK_F
140220003786,BLOPIT2276Y,CL_BANK_F
140220003836,BLOPIT2276Z,CL_BANK_F
140220003886,BLOPIT22770,CL_BANK_F
140220003936,BLOPIT22771,CL_BANK_F
140220003986,BLOPIT22774,CL_BANK_F
140220004036,BLOPIT22777,CL_BANK_F
140220004086,BLOPIT22778,CL_BANK_F
140220004136,BLOPIT2277C,CL_BANK_F
140220004186,BLOPIT2277D,CL_BANK_F
140220004236,BLOPIT2277E,CL_BANK_F
140220004286,BLOPIT2277F,CL_BANK_F
140220004336,BLOPIT2277G,CL_BANK_F
140220004386,BLOPIT22780,CL_BANK_F
140220004436,BLOPIT22785,CL_BANK_F
140220004486,BLOPIT22786,CL_BANK_F
140220004536,BLOPIT22787,CL_BANK_F
140220004586,BLOPIT22788,CL_BANK_F
140220004636,BLOPIT22789,CL_BANK_F
140220004686,BLOPIT2278H,CL_BANK_F
140220004736,BLOPIT2278I,CL_BANK_F
140220004786,BLOPIT2278J,CL_BANK_F
140220004836,BLOPIT2278K,CL_BANK_F
140220004886,BLOPIT22790,CL_BANK_F
140220004936,BLOPIT22792,CL_BANK_F
140220004986,BLOPIT22793,CL_BANK_F
140220005036,BLOPIT22794,CL_BANK_F
140220005086,BLOPIT22795,CL_BANK_F
140220005136,BLOPIT22796,CL_BANK_F
140220005186,BLOPIT22797,CL_BANK_F
140220005236,BLOPIT22798,CL_BANK_F
140220005286,BLOPIT22799,CL_BANK_F
140220005336,BLOPIT2279L,CL_BANK_F
140220005386,BLOPIT22800,CL_BANK_F
140220005436,BLOPIT22801,CL_BANK_F
140220005486,BLOPIT22802,CL_BANK_F
140220005536,BLOPIT22803,CL_BANK_F
140220005586,BLOPIT22804,CL_BANK_F
140220005636,BLOPIT22805,CL_BANK_F
140220005686,BLOPIT22806,CL_BANK_F
140220005736,BLOPIT22807,CL_BANK_F
140220005786,BLOPIT22808,CL_BANK_F
140220005836,BLOPIT22809,CL_BANK_F
140220005886,BLOPIT22811,CL_BANK_F
140220005936,BLOPIT22813,CL_BANK_F
140220005986,BLOPIT22814,CL_BANK_F
140220006036,BLOPIT22817,CL_BANK_F
140220006086,BLOPIT22819,CL_BANK_F
140220006136,BLOPIT22820,CL_BANK_F
140220006186,BLOPIT22821,CL_BANK_F
140220006236,BLOPIT22850,CL_BANK_F
140220006286,BLOPIT22851,CL_BANK_F
140220006336,BLOPIT22852,CL_BANK_F
140220006386,BLOPIT22853,CL_BANK_F
140220006436,BLOPIT22854,CL_BANK_F
140220006486,BLOPIT22855,CL_BANK_F
140220006536,BLOPIT22856,CL_BANK_F
140220006586,BLOPIT22857,CL_BANK_F
140220006636,BLOPIT22858,CL_BANK_F
140220006686,BLOPIT22859,CL_BANK_F
140220006736,BLOPIT22860,CL_BANK_F
140220006786,BLOPIT22861,CL_BANK_F
140220006836,BLOPIT22862,CL_BANK_F
140220006886,BLOPIT22863,CL_BANK_F
140220006936,BLOPIT22864,CL_BANK_F
140220006986,BLOPIT22865,CL_BANK_F
140220007036,BLOPIT22866,CL_BANK_F
140220007086,BLOPIT22867,CL_BANK_F
140220007136,BLOPIT22868,CL_BANK_F
140220007186,BLOPIT22869,CL_BANK_F
140220007236,BLOPIT22870,CL_BANK_F
140220007286,BLOPIT22871,CL_BANK_F
140220007336,BLOPIT22872,CL_BANK_F
140220007386,BLOPIT22873,CL_BANK_F
140220007436,BLOPIT22874,CL_BANK_F
140220007486,BLOPIT22875,CL_BANK_F
140220007536,BLOPIT22876,CL_BANK_F
140220007586,BLOPIT22877,CL_BANK_F
140220007636,BLOPIT22878,CL_BANK_F
140220007686,BLOPIT22879,CL_BANK_F
140220007736,BLOPIT22880,CL_BANK_F
140220007786,BLOPIT22881,CL_BANK_F
140220007836,BLOPIT22882,CL_BANK_F
140220007886,BLOPIT22883,CL_BANK_F
140220007936,BLOPIT22884,CL_BANK_F
140220007986,BLOPIT22885,CL_BANK_F
140220008036,BLOPIT22886,CL_BANK_F
140220008086,BLOPIT22887,CL_BANK_F
140220008136,BLOPIT22888,CL_BANK_F
140220008186,BLOPIT22889,CL_BANK_F
140220008236,BLOPIT22890,CL_BANK_F
140220008286,BLOPIT22891,CL_BANK_F
140220008336,BLOPIT22892,CL_BANK_F
140220008386,BLOPIT22893,CL_BANK_F
140220008436,BLOPIT22894,CL_BANK_F
140220008486,BLOPIT22895,CL_BANK_F
140220008536,BLOPIT22896,CL_BANK_F
140220008586,BLOPIT22897,CL_BANK_F
140220008636,BLOPIT22898,CL_BANK_F
140220008686,BLOPIT22899,CL_BANK_F
140220008736,BLOPIT22900,CL_BANK_F
140220008786,BLOPIT22901,CL_BANK_F
140220008836,BLOPIT22902,CL_BANK_F
140220008886,BLOPIT22903,CL_BANK_F
140220008936,BLOPIT22904,CL_BANK_F
140220008986,BLOPIT22905,CL_BANK_F
140220009036,BLOPIT22906,CL_BANK_F
140220009086,BLOPIT22907,CL_BANK_F
140220009136,BLOPIT22908,CL_BANK_F
140220009186,BLOPIT22909,CL_BANK_F
140220009236,BLOPIT22910,CL_BANK_F
140220009286,BLOPIT22911,CL_BANK_F
140220009336,BLOPIT22912,CL_BANK_F
140220009386,BLOPIT22913,CL_BANK_F
140220009436,BLOPIT22914,CL_BANK_F
140220009486,BLOPIT22915,CL_BANK_F
140220009536,BLOPIT22916,CL_BANK_F
140220009586,BLOPIT22917,CL_BANK_F
140220009636,BLOPIT22918,CL_BANK_F
140220009686,BLOPIT22919,CL_BANK_F
140220009736,BLOPIT22920,CL_BANK_F
140220009786,BLOPIT22921,CL_BANK_F
140220009836,BLOPIT22922,CL_BANK_F
140220009886,BLOPIT22923,CL_BANK_F
140220009936,BLOPIT22924,CL_BANK_F
140220009986,BLOPIT22925,CL_BANK_F
140220010036,BLOPIT22926,CL_BANK_F
140220010086,BLOPIT22927,CL_BANK_F
140220010136,BLOPIT22928,CL_BANK_F
140220010186,BLOPIT22929,CL_BANK_F
140220010236,BLOPIT22930,CL_BANK_F
140220010286,BLOPIT22931,CL_BANK_F
140220010336,BLOPIT22932,CL_BANK_F
140220010386,BLOPIT22933,CL_BANK_F
140220010436,BLOPIT22934,CL_BANK_F
140220010486,BLOPIT22935,CL_BANK_F
140220010536,BLOPIT22936,CL_BANK_F
140220010586,BLOPIT22937,CL_BANK_F
140220010636,BLOPIT22938,CL_BANK_F
140220010686,BLOPIT22939,CL_BANK_F
140220010736,BLOPIT22940,CL_BANK_F
140220010786,BLOPIT22941,CL_BANK_F
140220010836,BLOPIT22942,CL_BANK_F
140220010886,BLOPIT22943,CL_BANK_F
140220010936,BLOPIT22944,CL_BANK_F
140220010986,BLOPIT22945,CL_BANK_F
140220011036,BLOPIT22946,CL_BANK_F
140220011086,BLOPIT22947,CL_BANK_F
140220011136,BLOPIT22948,CL_BANK_F
140220011186,BLOPIT22949,CL_BANK_F
140220011236,BLOPIT22950,CL_BANK_F
140220011286,BLOPIT22951,CL_BANK_F
140220011336,BLOPIT22952,CL_BANK_F
140220011386,BLOPIT22953,CL_BANK_F
140220011436,BLOPIT22954,CL_BANK_F
140220011486,BLOPIT22955,CL_BANK_F
140220011536,BLOPIT22956,CL_BANK_F
140220011586,BLOPIT22957,CL_BANK_F
140220011636,BLOPIT22958,CL_BANK_F
140220011686,BLOPIT22959,CL_BANK_F
140220011736,BLOPIT22960,CL_BANK_F
140220011786,BLOPIT22961,CL_BANK_F
140220011836,BLOPIT22962,CL_BANK_F
140220011886,BLOPIT22963,CL_BANK_F
140220011936,BLOPIT22964,CL_BANK_F
140220011986,BLOPIT22965,CL_BANK_F
140220012036,BLOPIT22966,CL_BANK_F
140220012086,BLOPIT22967,CL_BANK_F
140220012136,BLOPIT22968,CL_BANK_F
140220012186,BLOPIT22969,CL_BANK_F
140220012236,BLOPIT22970,CL_BANK_F
140220012286,BLOPIT22971,CL_BANK_F
140220012336,BLOPIT22972,CL_BANK_F
140220012386,BLOPIT22973,CL_BANK_F
140220012436,BLOPIT22974,CL_BANK_F
140220012486,BLOPIT22975,CL_BANK_F
140220012536,BLOPIT22976,CL_BANK_F
140220012586,BLOPIT22977,CL_BANK_F
140220012636,BLOPIT22978,CL_BANK_F
140220012686,BLOPIT22979,CL_BANK_F
140220012736,BLOPIT22980,CL_BANK_F
140220012786,BLOPIT22981,CL_BANK_F
140220012836,BLOPIT22982,CL_BANK_F
140220012886,BLOPIT22983,CL_BANK_F
140220012936,BLOPIT22984,CL_BANK_F
140220012986,BLOPIT22985,CL_BANK_F
140220013036,BLOPIT22986,CL_BANK_F
140220013086,BLOPIT22987,CL_BANK_F
140220013136,BLOPIT22988,CL_BANK_F
140220013186,BLOPIT22989,CL_BANK_F
140220013236,BLOPIT22990,CL_BANK_F
140220013286,BLOPIT22991,CL_BANK_F
140220013336,BLOPIT22992,CL_BANK_F
140220013386,BLOPIT22993,CL_BANK_F
140220013436,BLOPIT22994,CL_BANK_F
140220013486,BLOPIT22995,CL_BANK_F
140220013536,BLOPIT22996,CL_BANK_F
140220013586,BLOPIT22997,CL_BANK_F
140220013636,BLOPIT22998,CL_BANK_F
140220013686,BLOPIT22999,CL_BANK_F
140220013744,BNCTTLDDXXX,CL_BANK_F
140220013816,BOGGGB21XXX,CL_BANK_F
140220013953,BPMOIT22XXX,CL_BANK_F
140220014034,BRGNKWKWXXX,CL_BANK_F
140220014084,BRMIUS44XXX,CL_BANK_F
140220014138,BUKBGB22XXX,CL_BANK_F
140220014189,BVALESMMXXX,CL_BANK_F
140220014239,BVTEITM1XXX,CL_BANK_F
140220014291,BXBACRSJDP1,CL_BANK_F
140220014342,BYLADEM1ROS,CL_BANK_F
140220014749,CCBPFRPPCFD,CL_BANK_F
140220014799,CCBPFRPPCHX,CL_BANK_F
140220014849,CCBPFRPPGRE,CL_BANK_F
140220014899,CCBPFRPPLYO,CL_BANK_F
140220014949,CCBPFRPPNCE,CL_BANK_F
140220014999,CCEXGB2LACR,CL_BANK_F
140220015096,CFFRFRPPTG2,CL_BANK_F
140220015146,CGDGFR22XXX,CL_BANK_F
140220015202,CIGNUS3AXXX,CL_BANK_F
140220015252,CITGUS44EFL,CL_BANK_F
140220015302,CITGUS44EFV,CL_BANK_F
140220015352,CITGUS44GMD,CL_BANK_F
140220015402,CITGUS44GMV,CL_BANK_F
140220015452,CITGUS44MSE,CL_BANK_F
140220015502,CITGUS44MSV,CL_BANK_F
140220015553,CITIUAUKXXX,CL_BANK_F
140220015603,CLAOGB2LAHK,CL_BANK_F
140220015653,CLAOGB2LCRM,CL_BANK_F
140220015703,CLAOGB2LCVT,CL_BANK_F
140220015753,CLAOGB2LFIM,CL_BANK_F
140220015803,CLAOGB2LLHF,CL_BANK_F
140220015853,CLAOGB2LMND,CL_BANK_F
140220015903,CLAOGB2LMNG,CL_BANK_F
140220015953,CLAOGB2LPLT,CL_BANK_F
140220016003,CLAOGB2LTBG,CL_BANK_F
140220016053,CLAOGB2LVTB,CL_BANK_F
140220016103,CLAOLU2LAGR,CL_BANK_F
140220016153,CLAOLU2LCLR,CL_BANK_F
140220016203,CLEWHKH1XXX,CL_BANK_F
140220016253,CLRBGB22XXX,CL_BANK_F
140220016305,CNORKRSEXXX,CL_BANK_F
140220016367,CPEIGB21XXX,CL_BANK_F
140220016419,CRACIT31330,CL_BANK_F
140220016469,CRACIT31331,CL_BANK_F
140220016519,CRACIT31332,CL_BANK_F
140220016569,CRESCHZFARS,CL_BANK_F
140220016619,CRESCHZFEFT,CL_BANK_F
140220016675,CRESGB2LEQD,CL_BANK_F
140220016729,CRESSARA20R,CL_BANK_F
140220016779,CRESSARAXXX,CL_BANK_F
140220016832,CRGEITG1188,CL_BANK_F
140220016882,CRGEITG1212,CL_BANK_F
140220016932,CRGEITG1265,CL_BANK_F
140220016982,CRGEITG1266,CL_BANK_F
140220017032,CRGEITG1268,CL_BANK_F
140220017082,CRGEITG1269,CL_BANK_F
140220017132,CRGEITG1270,CL_BANK_F
140219971955,ACGPGB21XXX,CL_BANK_F
140219972006,ADBNCNBJSTL,CL_BANK_F
140219972056,ADBNCNBJSYK,CL_BANK_F
140219972106,AFCNZWHAXXX,CL_BANK_F
140219972160,AISIGB2L001,CL_BANK_F
140219972210,AISIGB2LXXX,CL_BANK_F
140219972262,ALUSGB21AAD,CL_BANK_F
140219972312,ALUSGB21COF,CL_BANK_F
140219972362,AMACFRPPXXX,CL_BANK_F
140219972415,AMRTFRPPXXX,CL_BANK_F
140219972465,AONSZAJJXXX,CL_BANK_F
140219972515,APNXUS33XXX,CL_BANK_F
140219972567,ARRFKYK1XXX,CL_BANK_F
140219972621,ASGHJPJTXXX,CL_BANK_F
140219972679,ATGWGWGWXXX,CL_BANK_F
140219972732,AUGPFRPPXXX,CL_BANK_F
140219972782,AUMCMXMMXXX,CL_BANK_F
140219972832,AVTBRUM1002,CL_BANK_F
140219972883,AVTOUA22XXX,CL_BANK_F
140219972940,BAACDOSDXXX,CL_BANK_F
140219972995,BAERDEF1XXX,CL_BANK_F
140219973047,BAIPAOLUXXX,CL_BANK_F
140219973156,BBDAHKHXAVS,CL_BANK_F
140219973206,BBDAHKHXXXX,CL_BANK_F
140219973256,BBDALULXXXX,CL_BANK_F
140219973306,BBDEBRSPPCY,CL_BANK_F
140219973358,BBMEBHBXOBU,CL_BANK_F
140219973408,BBMEBHBXXXX,CL_BANK_F
140219973459,BCGNGB21GEN,CL_BANK_F
140219973509,BCGNGB21LON,CL_BANK_F
140219973559,BCGNGB21XXX,CL_BANK_F
140219973619,BCSXBY22XXX,CL_BANK_F
140219973678,BIOSCNB1XXX,CL_BANK_F
140219973728,BIOTDEBBXXX,CL_BANK_F
140219973784,BKNOLCL2XXX,CL_BANK_F
140219973834,BKPAIRTH048,CL_BANK_F
140219973886,BKTWTWTP289,CL_BANK_F
140219973936,BLEAITM1XXX,CL_BANK_F
140219973986,BLICUYMMXXX,CL_BANK_F
140219974036,BLOPIT22001,CL_BANK_F
140219974086,BLOPIT22002,CL_BANK_F
140219974136,BLOPIT22003,CL_BANK_F
140219974186,BLOPIT22004,CL_BANK_F
140219974236,BLOPIT22005,CL_BANK_F
140219974286,BLOPIT22006,CL_BANK_F
140219974336,BLOPIT22007,CL_BANK_F
140219974386,BLOPIT22008,CL_BANK_F
140219974436,BLOPIT22009,CL_BANK_F
140219974486,BLOPIT22010,CL_BANK_F
140219974536,BLOPIT22011,CL_BANK_F
140219974586,BLOPIT22012,CL_BANK_F
140219991386,BLOPIT2245F,CL_BANK_F
140219991436,BLOPIT2245G,CL_BANK_F
140219991486,BLOPIT2245H,CL_BANK_F
140219991536,BLOPIT2245I,CL_BANK_F
140219991586,BLOPIT22463,CL_BANK_F
140219991636,BLOPIT22465,CL_BANK_F
140219991686,BLOPIT22469,CL_BANK_F
140219991736,BLOPIT2246J,CL_BANK_F
140219991786,BLOPIT2246K,CL_BANK_F
140219991836,BLOPIT2246L,CL_BANK_F
140219991886,BLOPIT2246M,CL_BANK_F
140219991936,BLOPIT2246N,CL_BANK_F
140219991986,BLOPIT2246O,CL_BANK_F
140219992036,BLOPIT2246P,CL_BANK_F
140219992086,BLOPIT22471,CL_BANK_F
140219992136,BLOPIT22477,CL_BANK_F
140219992186,BLOPIT2247Q,CL_BANK_F
140219992236,BLOPIT2247R,CL_BANK_F
140219992286,BLOPIT2247S,CL_BANK_F
140219992336,BLOPIT2247T,CL_BANK_F
140219992386,BLOPIT2247U,CL_BANK_F
140219992436,BLOPIT2247V,CL_BANK_F
140219992486,BLOPIT2247W,CL_BANK_F
140219992536,BLOPIT2247X,CL_BANK_F
140219992586,BLOPIT22481,CL_BANK_F
140219992636,BLOPIT22482,CL_BANK_F
140219992686,BLOPIT22486,CL_BANK_F
140219992736,BLOPIT22488,CL_BANK_F
140219992786,BLOPIT2248A,CL_BANK_F
140219992836,BLOPIT2248B,CL_BANK_F
140219992886,BLOPIT2248C,CL_BANK_F
140219992936,BLOPIT2248D,CL_BANK_F
140219992986,BLOPIT2248Y,CL_BANK_F
140219993036,BLOPIT2248Z,CL_BANK_F
140219993086,BLOPIT22490,CL_BANK_F
140219993136,BLOPIT22492,CL_BANK_F
140219993186,BLOPIT22494,CL_BANK_F
140219993236,BLOPIT22496,CL_BANK_F
140219993286,BLOPIT22498,CL_BANK_F
140219993336,BLOPIT22499,CL_BANK_F
140219993386,BLOPIT2249E,CL_BANK_F
140219993436,BLOPIT2249F,CL_BANK_F
140219993486,BLOPIT2249G,CL_BANK_F
140219993536,BLOPIT2249H,CL_BANK_F
140219993586,BLOPIT22502,CL_BANK_F
140219993636,BLOPIT22509,CL_BANK_F
140219993686,BLOPIT2250I,CL_BANK_F
140219993736,BLOPIT2250J,CL_BANK_F
140219993786,BLOPIT2250K,CL_BANK_F
140219993836,BLOPIT2250L,CL_BANK_F
140219993886,BLOPIT2250M,CL_BANK_F
140219993936,BLOPIT2250N,CL_BANK_F
140219993986,BLOPIT2250O,CL_BANK_F
140219994036,BLOPIT2250P,CL_BANK_F
140219994086,BLOPIT22516,CL_BANK_F
140219994136,BLOPIT22519,CL_BANK_F
140219994186,BLOPIT2251Q,CL_BANK_F
140219994236,BLOPIT2251R,CL_BANK_F
140219994286,BLOPIT2251S,CL_BANK_F
140219994336,BLOPIT2251T,CL_BANK_F
140219994386,BLOPIT2251U,CL_BANK_F
140219994436,BLOPIT2251V,CL_BANK_F
140219994486,BLOPIT2251W,CL_BANK_F
140219994536,BLOPIT2251X,CL_BANK_F
140219994586,BLOPIT22522,CL_BANK_F
140219994636,BLOPIT2252A,CL_BANK_F
140219994686,BLOPIT2252B,CL_BANK_F
140219994736,BLOPIT2252C,CL_BANK_F
140219994786,BLOPIT2252D,CL_BANK_F
140219994836,BLOPIT2252E,CL_BANK_F
140219994886,BLOPIT2252F,CL_BANK_F
140219994936,BLOPIT2252G,CL_BANK_F
140219994986,BLOPIT2252Y,CL_BANK_F
140219995036,BLOPIT2252Z,CL_BANK_F
140219995086,BLOPIT22536,CL_BANK_F
140219995136,BLOPIT22539,CL_BANK_F
140219995186,BLOPIT2253H,CL_BANK_F
140219995236,BLOPIT2253I,CL_BANK_F
140219995286,BLOPIT2253J,CL_BANK_F
140219995336,BLOPIT2253K,CL_BANK_F
140219995386,BLOPIT2253L,CL_BANK_F
140219995436,BLOPIT2253M,CL_BANK_F
140219995486,BLOPIT2253N,CL_BANK_F
140219995536,BLOPIT2253O,CL_BANK_F
140219995586,BLOPIT2254P,CL_BANK_F
140219995636,BLOPIT2254Q,CL_BANK_F
140219995686,BLOPIT2254R,CL_BANK_F
140219995736,BLOPIT2254S,CL_BANK_F
140219995786,BLOPIT2254T,CL_BANK_F
140219995836,BLOPIT2254U,CL_BANK_F
140219995886,BLOPIT2254V,CL_BANK_F
140219995936,BLOPIT2254W,CL_BANK_F
140219995986,BLOPIT2254X,CL_BANK_F
140219996036,BLOPIT2254Y,CL_BANK_F
140219996086,BLOPIT2255A,CL_BANK_F
140219996136,BLOPIT2255B,CL_BANK_F
140219996186,BLOPIT2255C,CL_BANK_F
140219996236,BLOPIT2255D,CL_BANK_F
140219996286,BLOPIT2255E,CL_BANK_F
140219996336,BLOPIT2255F,CL_BANK_F
140219996386,BLOPIT2255G,CL_BANK_F
140219996436,BLOPIT2255H,CL_BANK_F
140219996486,BLOPIT2255I,CL_BANK_F
140219996536,BLOPIT2255Z,CL_BANK_F
140219996586,BLOPIT2256J,CL_BANK_F
140219996636,BLOPIT2256K,CL_BANK_F
140219996686,BLOPIT2256L,CL_BANK_F
140219996736,BLOPIT2262M,CL_BANK_F
140219996786,BLOPIT2262N,CL_BANK_F
140219996836,BLOPIT2262O,CL_BANK_F
140219996886,BLOPIT22639,CL_BANK_F
140219996936,BLOPIT2263P,CL_BANK_F
140219996986,BLOPIT2263Q,CL_BANK_F
140219997036,BLOPIT2263R,CL_BANK_F
140219997086,BLOPIT2263S,CL_BANK_F
140219997136,BLOPIT2263T,CL_BANK_F
140219997186,BLOPIT2263U,CL_BANK_F
140443937336,CREBIT22261,CL_BANK_F
140443937386,CREBIT22295,CL_BANK_F
140443937436,CREBIT22298,CL_BANK_F
140443937486,CREBIT22300,CL_BANK_F
140443937536,CREBIT22302,CL_BANK_F
140443937586,CREBIT22303,CL_BANK_F
140443937636,CREBIT22304,CL_BANK_F
140443937686,CREBIT22308,CL_BANK_F
140443937736,CREBIT22310,CL_BANK_F
140443937786,CREBIT22311,CL_BANK_F
140443937838,CREBIT22312,CL_BANK_F
140443937889,CREBIT22313,CL_BANK_F
140443937939,CREBIT22314,CL_BANK_F
140443937989,CREBIT22324,CL_BANK_F
140443938039,CREBIT22325,CL_BANK_F
140443938091,CREBIT22326,CL_BANK_F
140443938142,CREBIT22327,CL_BANK_F
140443938192,CREBIT22328,CL_BANK_F
140443938242,CREBIT22329,CL_BANK_F
140443938292,CREBIT22330,CL_BANK_F
140443938342,CREBIT22331,CL_BANK_F
140443938395,CREBIT22337,CL_BANK_F
140443938445,CREBIT22338,CL_BANK_F
140443938495,CREBIT22343,CL_BANK_F
140443938545,CREBIT22351,CL_BANK_F
140443938595,CREBIT22352,CL_BANK_F
140443938645,CREBIT22353,CL_BANK_F
140443938695,CREBIT22354,CL_BANK_F
140443938746,CREBIT22355,CL_BANK_F
140443938798,CREBIT22356,CL_BANK_F
140443938848,CREBIT22357,CL_BANK_F
140443938898,CREBIT22358,CL_BANK_F
140443938948,CREBIT22367,CL_BANK_F
140443938998,CREBIT22368,CL_BANK_F
140443939048,CREBIT22435,CL_BANK_F
140443939098,CREBIT22ANT,CL_BANK_F
140443939148,CREBIT22BGE,CL_BANK_F
140443939198,CREBIT22BSX,CL_BANK_F
140443939248,CREBIT22BUS,CL_BANK_F
140443939298,CREBIT22CAL,CL_BANK_F
140443939348,CREBIT22CAS,CL_BANK_F
140443939398,CREBIT22FEX,CL_BANK_F
140443939448,CREBIT22GDM,CL_BANK_F
140443939498,CREBIT22GOR,CL_BANK_F
140443939548,CREBIT22LEF,CL_BANK_F
140443939598,CREBIT22MIX,CL_BANK_F
140443939648,CREBIT22PSP,CL_BANK_F
140443939698,CREBIT22SER,CL_BANK_F
140443939750,CREBIT22VER,CL_BANK_F
140443939801,CREBIT22XXX,CL_BANK_F
140443940197,CRMHPHM1XXX,CL_BANK_F
140443940249,CSUCUS31XXX,CL_BANK_F
140443940309,CSVCGB2LXXX,CL_BANK_F
140443940359,CTASCZ22XXX,CL_BANK_F
140443940411,DAKVDEFFSLS,CL_BANK_F
140443940463,DBFSAEAAXXX,CL_BANK_F
140443940515,DIASGRA1MD6,CL_BANK_F
140443940565,DKNBDKKKASA,CL_BANK_F
140443940615,DKNBDKKKTIA,CL_BANK_F
140443940668,DNIBNL2GTG2,CL_BANK_F
140443940726,EIBCCNBJHEN,CL_BANK_F
140443940779,ESCBFRPPBDF,CL_BANK_F
140443940829,ESCBFRPPXXX,CL_BANK_F
140443940879,ESESFRPPCBF,CL_BANK_F
140443940931,ESESFRPPMTI,CL_BANK_F
140443940982,ESESFRPPNBB,CL_BANK_F
140443941032,ESSESESSIOS,CL_BANK_F
140443941082,EUPTSES1XXX,CL_BANK_F
140443941136,FCBKPHMMXXX,CL_BANK_F
140443941191,FCOICOBBXXX,CL_BANK_F
140443941241,FDPEGB21XXX,CL_BANK_F
140443941291,FFBCUS3CXXX,CL_BANK_F
140443941348,FILTUS44XXX,CL_BANK_F
140443941399,FJROCNB1XXX,CL_BANK_F
140443941449,FNOONOK1XXX,CL_BANK_F
140443941502,GCFFFIH1XXX,CL_BANK_F
140443941552,GCONMXMMXXX,CL_BANK_F
140443941602,GDBKCN22NNB,CL_BANK_F
140443941652,GENODE51DIL,CL_BANK_F
140443941702,GENODEF1NEA,CL_BANK_F
140443941753,GLOPUS33BLK,CL_BANK_F
140443941806,GNERLRLMXXX,CL_BANK_F
140443941858,GSRCCNB1XXX,CL_BANK_F
140443941908,HAFVKRS3XXX,CL_BANK_F
140443941963,HARLGB21NET,CL_BANK_F
140443942013,HARLGB21XXX,CL_BANK_F
140443942064,HBBOCWCUXXX,CL_BANK_F
140443942116,HBUKGB4194P,CL_BANK_F
140443942166,HBUKGB4194R,CL_BANK_F
140443942216,HBUKGB4194U,CL_BANK_F
140443942266,HBUKGB4194V,CL_BANK_F
140443942317,HBUKGB4195S,CL_BANK_F
140443942367,HLFXGB21Z12,CL_BANK_F
140443942417,HVBKRUMMSPB,CL_BANK_F
140443942467,HVBKRUMMXXX,CL_BANK_F
140443942517,HVBKVNVXXXX,CL_BANK_F
140443942569,HYSEKRSEXXX,CL_BANK_F
140443942622,IBBNEE21XXX,CL_BANK_F
140443942674,ICRAITR19Y1,CL_BANK_F
140443942724,ICRAITR19Y2,CL_BANK_F
140443942777,ICRAITR19Y3,CL_BANK_F
140443942827,ICRAITR19Y4,CL_BANK_F
140443942877,ICRAITR19Y5,CL_BANK_F
140443942927,ICRAITR19Y6,CL_BANK_F
140443942977,ICRAITR19Y7,CL_BANK_F
140443943030,ICRAITR19Y8,CL_BANK_F
140443943081,ICRAITR1JW1,CL_BANK_F
140443943134,ICRAITR1JW2,CL_BANK_F
140443943184,ICRAITR1JW3,CL_BANK_F
140443943234,ICRAITR1JW4,CL_BANK_F
140443943284,ICRAITR1JW5,CL_BANK_F
140443943334,ICRAITR1JW6,CL_BANK_F
140443943387,ICRAITR1JW7,CL_BANK_F
140443943437,ICRAITR1JW8,CL_BANK_F
140443943487,ICRAITR1JW9,CL_BANK_F
140443943537,ICRAITR1JWA,CL_BANK_F
140443943587,ICRAITR1JWB,CL_BANK_F
140443943638,ICRAITR1JWC,CL_BANK_F
140443943690,ICRAITR1JWD,CL_BANK_F
140443943740,ICRAITR1JWE,CL_BANK_F
140443943790,ICRAITR1JWF,CL_BANK_F
140443943840,ICRAITR1JWG,CL_BANK_F
140443943890,ICRAITR1JWH,CL_BANK_F
140443943943,ICRAITR1K81,CL_BANK_F
140443943993,ICRAITR1K82,CL_BANK_F
140443944043,ICRAITR1K83,CL_BANK_F
140443944093,ICRAITR1K84,CL_BANK_F
140443944146,ICRAITR1K85,CL_BANK_F
140443944196,ICRAITR1K86,CL_BANK_F
140443944246,ICRAITR1K87,CL_BANK_F
140443944296,ICRAITR1K88,CL_BANK_F
140443944346,ICRAITR1K89,CL_BANK_F
140443944396,ICRAITR1K8A,CL_BANK_F
140443944446,ICRAITR1K8B,CL_BANK_F
140443944496,ICRAITR1K8C,CL_BANK_F
140443944546,ICRAITR1K8D,CL_BANK_F
140443944596,ICRAITR1K8E,CL_BANK_F
140443944649,ICRAITR1K8F,CL_BANK_F
140443944699,ICRAITR1K8G,CL_BANK_F
140443944749,ICRAITR1K8H,CL_BANK_F
140443944799,ICRAITR1K8I,CL_BANK_F
140443944849,ICRAITR1K8L,CL_BANK_F
140443944900,ICRAITR1K8M,CL_BANK_F
140443944952,ICRAITR1K8P,CL_BANK_F
140443945002,ICRAITR1K8Q,CL_BANK_F
140443945052,ICRAITR1LM1,CL_BANK_F
140443945102,ICRAITR1LM2,CL_BANK_F
140443945152,ICRAITR1LM3,CL_BANK_F
140443945236,ICRAITRR9Y0,CL_BANK_F
140443945292,ICRAITRRJW0,CL_BANK_F
140443945342,ICRAITRRK80,CL_BANK_F
140443945392,ICRAITRRLM0,CL_BANK_F
140443945448,IDSLIT21XXX,CL_BANK_F
140443945498,IKBZBA2XXXX,CL_BANK_F
140443945548,INDFDKKKXXX,CL_BANK_F
140443945601,INDMRUM1TMN,CL_BANK_F
140443945652,INNWITN1XXX,CL_BANK_F
140443945704,IRVTUS3NDMM,CL_BANK_F
140443945754,IYOBSGSGXXX,CL_BANK_F
140443945809,KEDRGRAAXXX,CL_BANK_F
140443945862,KESHIRTH63S,CL_BANK_F
140443945929,LINKZAJJAHL,CL_BANK_F
140443945989,LOYDGB21F13,CL_BANK_F
140443946039,LOYDGB21F14,CL_BANK_F
140443946089,LOYDGB21F15,CL_BANK_F
140443946142,LOYDGB21F16,CL_BANK_F
140443946192,LOYDGB21F17,CL_BANK_F
140443946242,LOYDGB21F18,CL_BANK_F
140443946292,LOYDGB21F19,CL_BANK_F
140443946342,LOYDGB21F20,CL_BANK_F
140220024783,CRGEITG1550,CL_BANK_F
140220024833,CRGEITG1553,CL_BANK_F
140220024883,CRGEITG1554,CL_BANK_F
140220024933,CRGEITG1556,CL_BANK_F
140220024983,CRGEITG1557,CL_BANK_F
140220025033,CRGEITG1558,CL_BANK_F
140220025083,CRGEITG1559,CL_BANK_F
140220025133,CRGEITG1560,CL_BANK_F
140220025183,CRGEITG1561,CL_BANK_F
140220025233,CRGEITG1562,CL_BANK_F
140220025283,CRGEITG1563,CL_BANK_F
140220025333,CRGEITG1565,CL_BANK_F
140220025383,CRGEITG1566,CL_BANK_F
140220025433,CRGEITG1568,CL_BANK_F
140220025483,CRGEITG1569,CL_BANK_F
140220025533,CRGEITG1570,CL_BANK_F
140220025583,CRGEITG1573,CL_BANK_F
140220025633,CRGEITG1574,CL_BANK_F
140220025683,CRGEITG1575,CL_BANK_F
140220025733,CRGEITG1576,CL_BANK_F
140220025783,CRGEITG1577,CL_BANK_F
140220025833,CRGEITG1578,CL_BANK_F
140220025883,CRGEITG1579,CL_BANK_F
140220025933,CRGEITG1580,CL_BANK_F
140220025983,CRGEITG1581,CL_BANK_F
140220026033,CRGEITG1582,CL_BANK_F
140220026083,CRGEITG1583,CL_BANK_F
140220026133,CRGEITG1584,CL_BANK_F
140220026183,CRGEITG1585,CL_BANK_F
140220026233,CRGEITG1586,CL_BANK_F
140220026283,CRGEITG1587,CL_BANK_F
140220026333,CRGEITG1588,CL_BANK_F
140220026383,CRGEITG1589,CL_BANK_F
140220026433,CRGEITG1590,CL_BANK_F
140220026483,CRGEITG1591,CL_BANK_F
140220026533,CRGEITG1592,CL_BANK_F
140220026583,CRGEITG1593,CL_BANK_F
140220026633,CRGEITG1594,CL_BANK_F
140220026683,CRGEITG1595,CL_BANK_F
140220026733,CRGEITG1596,CL_BANK_F
140220026783,CRGEITG1597,CL_BANK_F
140220026833,CRGEITG1598,CL_BANK_F
140220026883,CRGEITG1599,CL_BANK_F
140220026933,CRGEITG1620,CL_BANK_F
140220026983,CRGEITG1621,CL_BANK_F
140220027033,CRGEITG1622,CL_BANK_F
140220027083,CRGEITG1632,CL_BANK_F
140220027133,CRGEITG1634,CL_BANK_F
140220027183,CRGEITG1635,CL_BANK_F
140220027233,CRGEITG1636,CL_BANK_F
140220027283,CRGEITG1642,CL_BANK_F
140220027333,CRGEITG1643,CL_BANK_F
140220027383,CRGEITG1644,CL_BANK_F
140220027433,CRGEITG1645,CL_BANK_F
140220027483,CRGEITG1647,CL_BANK_F
140220027533,CRGEITG1648,CL_BANK_F
140220027583,CRGEITG1675,CL_BANK_F
140220027633,CRGEITG1677,CL_BANK_F
140220027683,CRGEITG1694,CL_BANK_F
140220027733,CRGEITG1695,CL_BANK_F
140220027783,CRGEITG1701,CL_BANK_F
140220027833,CRGEITG1702,CL_BANK_F
140220027883,CRGEITG1703,CL_BANK_F
140220027933,CRGEITG1704,CL_BANK_F
140220027983,CRGEITG1706,CL_BANK_F
140220028033,CRGEITG1707,CL_BANK_F
140220028083,CRGEITG1708,CL_BANK_F
140220028133,CRGEITG1709,CL_BANK_F
140220028183,CRGEITG1711,CL_BANK_F
140220028233,CRGEITG1712,CL_BANK_F
140220028283,CRGEITG1713,CL_BANK_F
140220028333,CRGEITG1714,CL_BANK_F
140220028383,CRGEITG1715,CL_BANK_F
140220028433,CRGEITG1716,CL_BANK_F
140220028483,CRGEITG1717,CL_BANK_F
140220028533,CRGEITG1718,CL_BANK_F
140220028583,CRGEITG1719,CL_BANK_F
140220028633,CRGEITG1720,CL_BANK_F
140220028683,CRGEITG1722,CL_BANK_F
140220028733,CRGEITG1724,CL_BANK_F
140220028783,CRGEITG1725,CL_BANK_F
140220028833,CRGEITG1727,CL_BANK_F
140220028883,CRGEITG1728,CL_BANK_F
140220028933,CRGEITG1729,CL_BANK_F
140220028983,CRGEITG1730,CL_BANK_F
140220029033,CRGEITG1731,CL_BANK_F
140220029083,CRGEITG1732,CL_BANK_F
140220029133,CRGEITG1733,CL_BANK_F
140220029183,CRGEITG1734,CL_BANK_F
140220029233,CRGEITG1735,CL_BANK_F
140220029283,CRGEITG1736,CL_BANK_F
140220029333,CRGEITG1737,CL_BANK_F
140220029383,CRGEITG1739,CL_BANK_F
140220029433,CRGEITG1740,CL_BANK_F
140220029483,CRGEITG1741,CL_BANK_F
140220029533,CRGEITG1742,CL_BANK_F
140220029583,CRGEITG1743,CL_BANK_F
140220029633,CRGEITG1745,CL_BANK_F
140220029683,CRGEITG1746,CL_BANK_F
140220029733,CRGEITG1747,CL_BANK_F
140220029783,CRGEITG1748,CL_BANK_F
140220029833,CRGEITG1750,CL_BANK_F
140220029883,CRGEITG1751,CL_BANK_F
140220029933,CRGEITG1752,CL_BANK_F
140220029983,CRGEITG1753,CL_BANK_F
140220030033,CRGEITG1754,CL_BANK_F
140220030083,CRGEITG1755,CL_BANK_F
140220030133,CRGEITG1756,CL_BANK_F
140220030183,CRGEITG1757,CL_BANK_F
140220030233,CRGEITG1758,CL_BANK_F
140220030283,CRGEITG1759,CL_BANK_F
140220030333,CRGEITG1760,CL_BANK_F
140220030383,CRGEITG1761,CL_BANK_F
140220030433,CRGEITG1762,CL_BANK_F
140220030483,CRGEITG1763,CL_BANK_F
140220030533,CRGEITG1766,CL_BANK_F
140220030583,CRGEITG1767,CL_BANK_F
140220030633,CRGEITG1768,CL_BANK_F
140220030683,CRGEITG1769,CL_BANK_F
140220030733,CRGEITG1770,CL_BANK_F
140220030783,CRGEITG1772,CL_BANK_F
140220030833,CRGEITG1773,CL_BANK_F
140220030883,CRGEITG1774,CL_BANK_F
140220030933,CRGEITG1780,CL_BANK_F
140220030983,CRGEITG1781,CL_BANK_F
140220031033,CRGEITG1782,CL_BANK_F
140220031083,CRGEITG1783,CL_BANK_F
140220031133,CRGEITG1784,CL_BANK_F
140220031183,CRGEITG1785,CL_BANK_F
140220031233,CRGEITG1786,CL_BANK_F
140220031283,CRGEITG1788,CL_BANK_F
140220031333,CRGEITG1789,CL_BANK_F
140220031383,CRGEITG1790,CL_BANK_F
140220031433,CRGEITG1791,CL_BANK_F
140220031483,CRGEITG1794,CL_BANK_F
140220031533,CRGEITG1795,CL_BANK_F
140220031583,CRGEITG1796,CL_BANK_F
140220031633,CRGEITG1799,CL_BANK_F
140220031683,CRRDCOB1XXX,CL_BANK_F
140220031733,CRSZIT21XXX,CL_BANK_F
140220031787,CSFBGB2LEQD,CL_BANK_F
140220031837,CSFBITMMEQD,CL_BANK_F
140220031887,CSFBKYKXEQD,CL_BANK_F
140220031937,CSFPGB2LEQD,CL_BANK_F
140220031987,CSGKHKH1XXX,CL_BANK_F
140220032039,CUAFMXMXXXX,CL_BANK_F
140220032089,DAERITT1XXX,CL_BANK_F
140220032139,DAHISOSMXXX,CL_BANK_F
140220032189,DAPSITM1XXX,CL_BANK_F
140220032241,DEHLIT21XXX,CL_BANK_F
140220032291,DELFKENAXXX,CL_BANK_F
140220032341,DEUTDEFFGF2,CL_BANK_F
140220032399,DIAMJPJTXXX,CL_BANK_F
140220032451,DLIMNL2BXXX,CL_BANK_F
140220032505,DOFRITM1XXX,CL_BANK_F
140220032555,DOPSIT21XXX,CL_BANK_F
140220032609,EESRITM1XXX,CL_BANK_F
140220032661,ELMASES1XXX,CL_BANK_F
140220032712,ESESFRPPIBR,CL_BANK_F
140220032763,ESLOVIV1707,CL_BANK_F
140220032813,ESLOVIV1INV,CL_BANK_F
140220032863,ESLOVIV1XXX,CL_BANK_F
140220032925,FCIFIT31XXX,CL_BANK_F
140220032975,FENCITM1XXX,CL_BANK_F
140220033025,FEXMIE2DXXX,CL_BANK_F
140220033079,FLEISGSGXXX,CL_BANK_F
140220033129,FMBZMZMXXXX,CL_BANK_F
140443946393,LRCOCNB1XXX,CL_BANK_F
140443946444,MELNUS3CACC,CL_BANK_F
140443946497,MELNUS3CCUS,CL_BANK_F
140443946547,MELNUS3CMCH,CL_BANK_F
140443946599,MHCBNL2ADNB,CL_BANK_F
140443946649,MIDLGB2195W,CL_BANK_F
140443946699,MIDLGB2195X,CL_BANK_F
140443946749,MIDLGB2195Y,CL_BANK_F
140443946800,MIDLGB2195Z,CL_BANK_F
140443946852,MIDLGB2196A,CL_BANK_F
140443946902,MIDLGB2196B,CL_BANK_F
140443946952,MIDLGB2196C,CL_BANK_F
140443947002,MIPSIT21XXX,CL_BANK_F
140443947056,MKAGDEFFCON,CL_BANK_F
140443947106,MKAGDEFFFOA,CL_BANK_F
140443947156,MKAGDEFFINV,CL_BANK_F
140443947206,MKAGDEFFSFX,CL_BANK_F
140443947256,MKAGDEFFXXX,CL_BANK_F
140443947310,MRMDUS33PBC,CL_BANK_F
140443947372,MVOGAT22XXX,CL_BANK_F
140443947428,NARRIT31XXX,CL_BANK_F
140443947489,NBEGEGCX237,CL_BANK_F
140443947539,NBEGEGCX560,CL_BANK_F
140443947589,NBEGEGCX561,CL_BANK_F
140443947639,NBEGEGCX562,CL_BANK_F
140443947689,NBEGEGCX563,CL_BANK_F
140443947739,NBEGEGCX564,CL_BANK_F
140443947792,NBEGEGCX565,CL_BANK_F
140443947842,NBEGEGCX585,CL_BANK_F
140443947892,NBPLPLPWSEA,CL_BANK_F
140443947942,NBPLPLPWSEB,CL_BANK_F
140443947992,NDEADKKK064,CL_BANK_F
140443948042,NDEADKKK068,CL_BANK_F
140443948092,NDEADKKK085,CL_BANK_F
140443948142,NDEADKKKBCC,CL_BANK_F
140443948192,NDEADKKKCLS,CL_BANK_F
140443948245,NDEADKKKFSI,CL_BANK_F
140443948295,NDEADKKKNCL,CL_BANK_F
140443948345,NDEADKKKNKK,CL_BANK_F
140443948395,NDEADKKKPFR,CL_BANK_F
140443948445,NDEADKKKRIN,CL_BANK_F
140443948495,NDEADKKKROD,CL_BANK_F
140443948545,NDEADKKKSPX,CL_BANK_F
140443948595,NDEADKKKSVB,CL_BANK_F
140443948645,NDEADKKKTSY,CL_BANK_F
140443948695,NDEADKKKXXX,CL_BANK_F
140443948745,NDEAFIHH030,CL_BANK_F
140443948795,NDEAFIHHISA,CL_BANK_F
140443948845,NDEAFIHHNCL,CL_BANK_F
140443948895,NDEAFIHHNFC,CL_BANK_F
140443948945,NDEAFIHHNFF,CL_BANK_F
140443948995,NDEAFIHHNFH,CL_BANK_F
140443949045,NDEAFIHHNMB,CL_BANK_F
140443949098,NDEAFIHHTRI,CL_BANK_F
140443949148,NDEAFIHHXXX,CL_BANK_F
140443949198,NDEALUL2XXX,CL_BANK_F
140443949248,NDEANOKKNCL,CL_BANK_F
140443949298,NDEANOKKNEK,CL_BANK_F
140443949348,NDEANOKKNKR,CL_BANK_F
140443949398,NDEANOKKVPU,CL_BANK_F
140443949448,NDEANOKKXXX,CL_BANK_F
140443949498,NDEASGSGXXX,CL_BANK_F
140443949548,NDEAUS3NUIF,CL_BANK_F
140443949598,NDEAUS3NXXX,CL_BANK_F
140443949648,NESBPLPWFMB,CL_BANK_F
140443949698,NESBPLPWXXX,CL_BANK_F
140443949765,NLCUGB21XXX,CL_BANK_F
140443949815,NMEQESM1XXX,CL_BANK_F
140443949865,NODVPHM1XXX,CL_BANK_F
140443949917,NSESITM1XXX,CL_BANK_F
140443949968,NTCCCAT1XXX,CL_BANK_F
140443950021,OLSNUS44XXX,CL_BANK_F
140443950071,OPLULUL1XXX,CL_BANK_F
140443950127,PARBESMXTRB,CL_BANK_F
140443950177,POCCUS41XXX,CL_BANK_F
140443950229,PREIUS66XXX,CL_BANK_F
140443950279,PRIBBSNSXXX,CL_BANK_F
140443950333,PRVIIT22XXX,CL_BANK_F
140443950383,PUILBEBBTG2,CL_BANK_F
140443950449,RLNWATWWPDF,CL_BANK_F
140443950507,ROSKRUMMXXX,CL_BANK_F
140443950561,RUTNPHM1XXX,CL_BANK_F
140443950706,SBICTZTXXXX,CL_BANK_F
140443950759,SBINBE2X668,CL_BANK_F
140443950821,SBOSDEMX500,CL_BANK_F
140443950871,SBOSUS3TING,CL_BANK_F
140443950921,SBOSUS3TNBR,CL_BANK_F
140443950973,SBOSUSQ1GO9,CL_BANK_F
140443951024,SBOSUSQ1GP1,CL_BANK_F
140443951074,SBOSUSQ1GP2,CL_BANK_F
140443951124,SBOSUSQ1GP3,CL_BANK_F
140443951174,SBOSUSQ1GP4,CL_BANK_F
140443951226,SBOSUSQ1GP5,CL_BANK_F
140443951277,SBOSUSQ1GP6,CL_BANK_F
140443951327,SBOSUSQ1GP7,CL_BANK_F
140443951377,SBOSUSQ1GP8,CL_BANK_F
140443951427,SBOSUSQ1GP9,CL_BANK_F
140443951477,SBZAZAJJBPO,CL_BANK_F
140443951535,SEIOGB2LG68,CL_BANK_F
140443951588,SELGGB21XXX,CL_BANK_F
140443951638,SEPBIRTHNEG,CL_BANK_F
140443951689,SHCDCNB1XXX,CL_BANK_F
140443951739,SHRGGB2LXXX,CL_BANK_F
140443951789,SLRCCNB1XXX,CL_BANK_F
140443951840,SLROCNB1XXX,CL_BANK_F
140443951890,SLRRCNB1XXX,CL_BANK_F
140443951940,SMTOCATTXXX,CL_BANK_F
140443951991,SNSBNL2ABOS,CL_BANK_F
140443952043,SNSBNL2ASFM,CL_BANK_F
140443952093,SNSBNL2AXXX,CL_BANK_F
140443952147,SOININ55TPY,CL_BANK_F
140443952200,SOLVBEBBXXX,CL_BANK_F
140443952250,SSCIUS33FER,CL_BANK_F
140443952300,SSISKRSSXXX,CL_BANK_F
140443952399,SUNDUS33FID,CL_BANK_F
140443952449,SWRMCNB1XXX,CL_BANK_F
140443952503,TAHLEE21XXX,CL_BANK_F
140443952553,TAHUEE21XXX,CL_BANK_F
140443952603,TCONUS44XXX,CL_BANK_F
140443952667,TEEIITR1XXX,CL_BANK_F
140443952720,TEFGESMMXXX,CL_BANK_F
140443952770,THOSHKH1XXX,CL_BANK_F
140443952820,TIPSITM1XXX,CL_BANK_F
140443952874,TMPAIT21XXX,CL_BANK_F
140443952926,TORMCNB1XXX,CL_BANK_F
140443952976,TRNANANXXXX,CL_BANK_F
140443953030,TSWQQAQAXXX,CL_BANK_F
140443953080,TWOSITM1MFD,CL_BANK_F
140443953130,TWOSITM1PFD,CL_BANK_F
140443953182,UABULT21XXX,CL_BANK_F
140443953235,UBINBE22AWP,CL_BANK_F
140443953291,VBAAVNVX502,CL_BANK_F
140443953341,VBVZHR22XXX,CL_BANK_F
140443953392,VSGKAT2K101,CL_BANK_F
140443953445,VSGKAT2K102,CL_BANK_F
140443953495,VSGKAT2K104,CL_BANK_F
140443953545,VSGKAT2K109,CL_BANK_F
140443953595,VSGKAT2K116,CL_BANK_F
140443953645,VSGKAT2K117,CL_BANK_F
140443953695,VSGKAT2K130,CL_BANK_F
140443953748,WEBCUS33XXX,CL_BANK_F
140443953813,ZECPUA2NXXX,CL_BANK_F
140443953870,ZKWGAT2WXXX,CL_BANK_F
140614985110,,CL_BANK_N
140614985161,,CL_BANK_N
140614985211,,CL_BANK_N
140614985261,,CL_BANK_N
140614985311,,CL_BANK_N
140614985361,,CL_BANK_N
140614985411,,CL_BANK_N
140614985461,,CL_BANK_N
140614985511,,CL_BANK_N
140614985561,,CL_BANK_N
140614985611,,CL_BANK_N
140614985661,,CL_BANK_N
140614985711,,CL_BANK_N
140614985761,,CL_BANK_N
140614985811,,CL_BANK_N
140614986021,,CL_BANK_N
140614986071,,CL_BANK_N
140614986121,,CL_BANK_N
140614986171,,CL_BANK_N
140614986220,,CL_BANK_N
140614986270,,CL_BANK_N
140731273814,,CL_BANK_N
140731273864,,CL_BANK_N
140731273914,,CL_BANK_N
140731273964,,CL_BANK_N
140731274014,,CL_BANK_N
140731274064,,CL_BANK_N
140731274114,,CL_BANK_N
140731274164,,CL_BANK_N
140731274214,,CL_BANK_N
140731274264,,CL_BANK_N
140731274314,,CL_BANK_N
140731274364,,CL_BANK_N
140731274414,,CL_BANK_N
140731274464,,CL_BANK_N
140731274514,,CL_BANK_N
140731274564,,CL_BANK_N
140745338931,,CL_BANK_N
140745338982,,CL_BANK_N
140745339032,,CL_BANK_N
140745339082,,CL_BANK_N
140745339132,,CL_BANK_N
140745339182,,CL_BANK_N
140745339232,,CL_BANK_N
140745339282,,CL_BANK_N
140745339332,,CL_BANK_N
140745339382,,CL_BANK_N
140745339432,,CL_BANK_N
140745339482,,CL_BANK_N
140745339532,,CL_BANK_N
140746073740,,CL_BANK_N
140746073795,,CL_BANK_N
140746073845,,CL_BANK_N
140746073895,,CL_BANK_N
140748547872,,CL_BANK_N
140748547922,,CL_BANK_N
140750272810,,CL_BANK_N
140750381236,,CL_BANK_N
140750381288,,CL_BANK_N
140220017182,CRGEITG1271,CL_BANK_F
140220017232,CRGEITG1272,CL_BANK_F
140220017282,CRGEITG1273,CL_BANK_F
140220017332,CRGEITG1275,CL_BANK_F
140220017382,CRGEITG1276,CL_BANK_F
140220017432,CRGEITG1277,CL_BANK_F
140220017482,CRGEITG1278,CL_BANK_F
140220017532,CRGEITG1279,CL_BANK_F
140220017582,CRGEITG1280,CL_BANK_F
140220017632,CRGEITG1282,CL_BANK_F
140220017682,CRGEITG1283,CL_BANK_F
140220017732,CRGEITG1284,CL_BANK_F
140220017782,CRGEITG1286,CL_BANK_F
140220017832,CRGEITG1288,CL_BANK_F
140220017882,CRGEITG1290,CL_BANK_F
140220017932,CRGEITG1291,CL_BANK_F
140220017982,CRGEITG1292,CL_BANK_F
140220018032,CRGEITG1293,CL_BANK_F
140220018082,CRGEITG1294,CL_BANK_F
140220018132,CRGEITG1295,CL_BANK_F
140220018182,CRGEITG1296,CL_BANK_F
140220018232,CRGEITG1297,CL_BANK_F
140220018282,CRGEITG1299,CL_BANK_F
140220018332,CRGEITG1313,CL_BANK_F
140220018382,CRGEITG1328,CL_BANK_F
140220018432,CRGEITG1329,CL_BANK_F
140220018482,CRGEITG1332,CL_BANK_F
140220018532,CRGEITG1333,CL_BANK_F
140220018582,CRGEITG1335,CL_BANK_F
140220018632,CRGEITG1337,CL_BANK_F
140220018682,CRGEITG1338,CL_BANK_F
140220018732,CRGEITG1339,CL_BANK_F
140220018782,CRGEITG1340,CL_BANK_F
140220018832,CRGEITG1342,CL_BANK_F
140220018882,CRGEITG1344,CL_BANK_F
140220018932,CRGEITG1345,CL_BANK_F
140220018982,CRGEITG1346,CL_BANK_F
140220019032,CRGEITG1347,CL_BANK_F
140220019082,CRGEITG1348,CL_BANK_F
140220019132,CRGEITG1351,CL_BANK_F
140220019182,CRGEITG1352,CL_BANK_F
140220019232,CRGEITG1354,CL_BANK_F
140220019282,CRGEITG1356,CL_BANK_F
140220019332,CRGEITG1357,CL_BANK_F
140220019382,CRGEITG1358,CL_BANK_F
140220019432,CRGEITG1359,CL_BANK_F
140220019482,CRGEITG1360,CL_BANK_F
140220019532,CRGEITG1362,CL_BANK_F
140220019582,CRGEITG1364,CL_BANK_F
140220019632,CRGEITG1365,CL_BANK_F
140220019682,CRGEITG1366,CL_BANK_F
140220019732,CRGEITG1367,CL_BANK_F
140220019782,CRGEITG1368,CL_BANK_F
140220019832,CRGEITG1369,CL_BANK_F
140220019883,CRGEITG1370,CL_BANK_F
140220019933,CRGEITG1371,CL_BANK_F
140220019983,CRGEITG1372,CL_BANK_F
140220020033,CRGEITG1373,CL_BANK_F
140220020083,CRGEITG1374,CL_BANK_F
140220020133,CRGEITG1375,CL_BANK_F
140220020183,CRGEITG1376,CL_BANK_F
140220020233,CRGEITG1377,CL_BANK_F
140220020283,CRGEITG1378,CL_BANK_F
140220020333,CRGEITG1379,CL_BANK_F
140220020383,CRGEITG1380,CL_BANK_F
140220020433,CRGEITG1381,CL_BANK_F
140220020483,CRGEITG1382,CL_BANK_F
140220020533,CRGEITG1383,CL_BANK_F
140220020583,CRGEITG1384,CL_BANK_F
140220020633,CRGEITG1385,CL_BANK_F
140220020683,CRGEITG1386,CL_BANK_F
140220020733,CRGEITG1387,CL_BANK_F
140220020783,CRGEITG1388,CL_BANK_F
140220020833,CRGEITG1390,CL_BANK_F
140220020883,CRGEITG1391,CL_BANK_F
140220020933,CRGEITG1413,CL_BANK_F
140220020983,CRGEITG1414,CL_BANK_F
140220021033,CRGEITG1417,CL_BANK_F
140220021083,CRGEITG1427,CL_BANK_F
140220021133,CRGEITG1446,CL_BANK_F
140220021183,CRGEITG1451,CL_BANK_F
140220021233,CRGEITG1452,CL_BANK_F
140220021283,CRGEITG1453,CL_BANK_F
140220021333,CRGEITG1459,CL_BANK_F
140220021383,CRGEITG1464,CL_BANK_F
140220021433,CRGEITG1466,CL_BANK_F
140220021483,CRGEITG1467,CL_BANK_F
140220021533,CRGEITG1469,CL_BANK_F
140220021583,CRGEITG1470,CL_BANK_F
140220021633,CRGEITG1471,CL_BANK_F
140220021683,CRGEITG1472,CL_BANK_F
140220021733,CRGEITG1473,CL_BANK_F
140220021783,CRGEITG1474,CL_BANK_F
140220021833,CRGEITG1475,CL_BANK_F
140220021883,CRGEITG1476,CL_BANK_F
140220021933,CRGEITG1477,CL_BANK_F
140220021983,CRGEITG1478,CL_BANK_F
140220022033,CRGEITG1479,CL_BANK_F
140220022083,CRGEITG1482,CL_BANK_F
140220022133,CRGEITG1486,CL_BANK_F
140220022183,CRGEITG1488,CL_BANK_F
140220022233,CRGEITG1489,CL_BANK_F
140220022283,CRGEITG1490,CL_BANK_F
140220022333,CRGEITG1491,CL_BANK_F
140220022383,CRGEITG1492,CL_BANK_F
140220022433,CRGEITG1493,CL_BANK_F
140220022483,CRGEITG1494,CL_BANK_F
140220022533,CRGEITG1495,CL_BANK_F
140220022583,CRGEITG1496,CL_BANK_F
140220022633,CRGEITG1497,CL_BANK_F
140220022683,CRGEITG1498,CL_BANK_F
140220022733,CRGEITG1499,CL_BANK_F
140220022783,CRGEITG1502,CL_BANK_F
140220022833,CRGEITG1503,CL_BANK_F
140220022883,CRGEITG1504,CL_BANK_F
140220022933,CRGEITG1506,CL_BANK_F
140220022983,CRGEITG1507,CL_BANK_F
140220023033,CRGEITG1508,CL_BANK_F
140220023083,CRGEITG1511,CL_BANK_F
140220023133,CRGEITG1512,CL_BANK_F
140220023183,CRGEITG1513,CL_BANK_F
140220023233,CRGEITG1514,CL_BANK_F
140220023283,CRGEITG1515,CL_BANK_F
140220023333,CRGEITG1516,CL_BANK_F
140220023383,CRGEITG1517,CL_BANK_F
140220023433,CRGEITG1518,CL_BANK_F
140220023483,CRGEITG1519,CL_BANK_F
140220023533,CRGEITG1520,CL_BANK_F
140220023583,CRGEITG1521,CL_BANK_F
140220023633,CRGEITG1522,CL_BANK_F
140220023683,CRGEITG1523,CL_BANK_F
140220023733,CRGEITG1524,CL_BANK_F
140220023783,CRGEITG1525,CL_BANK_F
140220023833,CRGEITG1526,CL_BANK_F
140220023883,CRGEITG1527,CL_BANK_F
140220023933,CRGEITG1528,CL_BANK_F
140220023983,CRGEITG1529,CL_BANK_F
140220024033,CRGEITG1530,CL_BANK_F
140220024083,CRGEITG1531,CL_BANK_F
140220024133,CRGEITG1532,CL_BANK_F
140220024183,CRGEITG1533,CL_BANK_F
140220024233,CRGEITG1536,CL_BANK_F
140220024283,CRGEITG1538,CL_BANK_F
140220024333,CRGEITG1539,CL_BANK_F
140220024383,CRGEITG1540,CL_BANK_F
140220024433,CRGEITG1541,CL_BANK_F
140220024483,CRGEITG1544,CL_BANK_F
140220024533,CRGEITG1545,CL_BANK_F
140220024583,CRGEITG1546,CL_BANK_F
140220024633,CRGEITG1547,CL_BANK_F
140220024683,CRGEITG1548,CL_BANK_F
140220024733,CRGEITG1549,CL_BANK_F
140219980436,BLOPIT22199,CL_BANK_F
140219980486,BLOPIT22200,CL_BANK_F
140219980536,BLOPIT22201,CL_BANK_F
140219980586,BLOPIT22202,CL_BANK_F
140219980636,BLOPIT22203,CL_BANK_F
140219980686,BLOPIT22204,CL_BANK_F
140219980736,BLOPIT22205,CL_BANK_F
140219980786,BLOPIT22206,CL_BANK_F
140219980836,BLOPIT22207,CL_BANK_F
140219980886,BLOPIT22208,CL_BANK_F
140219980936,BLOPIT22209,CL_BANK_F
140219980986,BLOPIT22210,CL_BANK_F
140219981036,BLOPIT22211,CL_BANK_F
140219981086,BLOPIT22212,CL_BANK_F
140219981136,BLOPIT22213,CL_BANK_F
140219981186,BLOPIT22214,CL_BANK_F
140219981236,BLOPIT22215,CL_BANK_F
140219981286,BLOPIT22216,CL_BANK_F
140219981336,BLOPIT22217,CL_BANK_F
140219981386,BLOPIT22218,CL_BANK_F
140219981436,BLOPIT22219,CL_BANK_F
140219981486,BLOPIT22220,CL_BANK_F
140219981536,BLOPIT22221,CL_BANK_F
140219981586,BLOPIT22222,CL_BANK_F
140219981636,BLOPIT22223,CL_BANK_F
140219981686,BLOPIT22224,CL_BANK_F
140219981736,BLOPIT22225,CL_BANK_F
140219981786,BLOPIT22226,CL_BANK_F
140219981836,BLOPIT22227,CL_BANK_F
140219981886,BLOPIT22228,CL_BANK_F
140219981936,BLOPIT22229,CL_BANK_F
140219981986,BLOPIT22230,CL_BANK_F
140219982036,BLOPIT22231,CL_BANK_F
140219982086,BLOPIT22232,CL_BANK_F
140219982136,BLOPIT22233,CL_BANK_F
140219982186,BLOPIT22234,CL_BANK_F
140219982236,BLOPIT22235,CL_BANK_F
140219982286,BLOPIT22236,CL_BANK_F
140219982336,BLOPIT22237,CL_BANK_F
140219982386,BLOPIT22238,CL_BANK_F
140219982436,BLOPIT22239,CL_BANK_F
140219982486,BLOPIT22240,CL_BANK_F
140219982536,BLOPIT22241,CL_BANK_F
140219982586,BLOPIT22242,CL_BANK_F
140219982636,BLOPIT22243,CL_BANK_F
140219982686,BLOPIT22244,CL_BANK_F
140219982736,BLOPIT22245,CL_BANK_F
140219982786,BLOPIT22246,CL_BANK_F
140219982836,BLOPIT22247,CL_BANK_F
140219982886,BLOPIT22248,CL_BANK_F
140219982936,BLOPIT22249,CL_BANK_F
140220034151,HCSEDEF1XXX,CL_BANK_F
140220034201,HELADEFFLBS,CL_BANK_F
140220034254,HOMHGB21XXX,CL_BANK_F
140220034305,HSBCBDDHCHG,CL_BANK_F
140220034355,HSBCBDDHXXX,CL_BANK_F
140220034405,HSBCCNSHGZF,CL_BANK_F
140220034457,HSBCMOMXAAM,CL_BANK_F
140220034507,HSBCMOMXXXX,CL_BANK_F
140220034557,HSBCMYKAXXX,CL_BANK_F
140220034607,HSBCPHMMCEB,CL_BANK_F
140220034657,HSBCPHMMSEC,CL_BANK_F
140220034707,HSBCPHMMTRY,CL_BANK_F
140220034757,HSBCPHMMXXX,CL_BANK_F
140220034807,HSBCTHBKXXX,CL_BANK_F
140220034858,HUAPAU21XXX,CL_BANK_F
140220034908,HXBKCNBJ22A,CL_BANK_F
140220034958,HXBKCNBJ340,CL_BANK_F
140220035009,IAICUS3WTFP,CL_BANK_F
140220035059,IBAZAZ2XXXX,CL_BANK_F
140220035113,IBOTTWTP888,CL_BANK_F
140220035163,IBOTTWTP999,CL_BANK_F
140220035213,IBOTTWTPOBU,CL_BANK_F
140220035263,IBOTTWTPXXX,CL_BANK_F
140220035323,ICBCAEABXXX,CL_BANK_F
140220035373,ICBKBEBBXXX,CL_BANK_F
140220035424,ICEPNL21XXX,CL_BANK_F
140220035474,ICRAITR1916,CL_BANK_F
140220035524,ICRAITR1917,CL_BANK_F
140220035574,ICRAITR1918,CL_BANK_F
140220035624,ICRAITR1919,CL_BANK_F
140220035674,ICRAITR1920,CL_BANK_F
140220035732,ICRAITR1NO1,CL_BANK_F
140220035782,ICRAITR1NO2,CL_BANK_F
140220035832,ICRAITR1NO3,CL_BANK_F
140220035882,ICRAITR1NO4,CL_BANK_F
140220035932,ICRAITR1NO5,CL_BANK_F
140220035982,ICRAITR1NO6,CL_BANK_F
140220036032,ICRAITR1NO7,CL_BANK_F
140220036082,ICRAITR1NO8,CL_BANK_F
140220036132,ICRAITR1NO9,CL_BANK_F
140220036182,ICRAITR1NOA,CL_BANK_F
140220036232,ICRAITR1NOC,CL_BANK_F
140220036282,ICRAITR1NOD,CL_BANK_F
140220036332,ICRAITR1NOF,CL_BANK_F
140220036382,ICRAITRRCL0,CL_BANK_F
140220036435,ICRAITRRNO0,CL_BANK_F
140220036489,IDPFSES1XXX,CL_BANK_F
140220036540,IMAAGB2BXXX,CL_BANK_F
140220036590,IMMMIT21XXX,CL_BANK_F
140220036641,INGBKRSSXXX,CL_BANK_F
140220036695,IOGEFRP1XXX,CL_BANK_F
140220036745,IRCEIE2DGOV,CL_BANK_F
140220036795,ISAEFRPPFDS,CL_BANK_F
140220036845,ISSCGMG1XXX,CL_BANK_F
140220036895,IVBBIRTHXXX,CL_BANK_F
140220036946,JAKAINBBAZD,CL_BANK_F
140220036996,JBRCCNBYXXX,CL_BANK_F
140220037046,JFIMHKHHCSD,CL_BANK_F
140220037096,JFIMHKHHKEY,CL_BANK_F
140220037146,JFIMHKHHNOM,CL_BANK_F
140220037196,JFIMHKHHTAM,CL_BANK_F
140220037246,JFIMHKHHUTO,CL_BANK_F
140220037296,JFIMHKHHXXX,CL_BANK_F
140220037348,JPMGBEBBMOM,CL_BANK_F
140220037398,JPMGBEBBXXX,CL_BANK_F
140220037448,JPMGDEFFXXX,CL_BANK_F
140220037498,KBGGNO2KXXX,CL_BANK_F
140220037548,KDHLNGLAXXX,CL_BANK_F
140220037598,KELRHUHAXXX,CL_BANK_F
140220037648,KHBAHKHHXXX,CL_BANK_F
140220037698,KOSRITM1XXX,CL_BANK_F
140220037753,LAPFDK21XXX,CL_BANK_F
140220037803,LASVISR1XXX,CL_BANK_F
140220037854,LEAEUS33XXX,CL_BANK_F
140220037904,LERRIT21XXX,CL_BANK_F
140220037954,LIFASES1XXX,CL_BANK_F
140220038004,LINLNOK1HC1,CL_BANK_F
140220038054,LINLNOK1HL1,CL_BANK_F
140220038104,LINLNOK1HL3,CL_BANK_F
140220038154,LINLNOK1HY1,CL_BANK_F
140220038204,LINLNOK1HY3,CL_BANK_F
140220038254,LINLNOK1LC1,CL_BANK_F
140220038304,LINLNOK1LC2,CL_BANK_F
140220038354,LINLNOK1LC3,CL_BANK_F
140220038404,LINLNOK1LC5,CL_BANK_F
140220038454,LINLNOK1LL1,CL_BANK_F
140220038504,LINLNOK1LL2,CL_BANK_F
140220038554,LINLNOK1LL3,CL_BANK_F
140220038604,LINLNOK1LL5,CL_BANK_F
140220038654,LINLNOK1LO1,CL_BANK_F
140220038704,LINLNOK1LY1,CL_BANK_F
140220038754,LINLNOK1LY2,CL_BANK_F
140220038804,LINLNOK1LY3,CL_BANK_F
140220038854,LINLNOK1LY5,CL_BANK_F
140220038904,LINLNOK1UC1,CL_BANK_F
140220038954,LINLNOK1UL1,CL_BANK_F
140220039004,LINLNOK1UY1,CL_BANK_F
140220039054,LINLNOK1XXX,CL_BANK_F
140220039104,LLRGGB2LXXX,CL_BANK_F
140220039170,LUFOSES1XXX,CL_BANK_F
140220039220,LVAVUYMMXXX,CL_BANK_F
140220039270,LYNTFRP1XXX,CL_BANK_F
140220039329,MBAGDEHHXXX,CL_BANK_F
140220039379,MBGCDE88XXX,CL_BANK_F
140220039432,MEMMSE21XXX,CL_BANK_F
140220039483,MEZNPKKALH2,CL_BANK_F
140220039534,MHCBATWWXXX,CL_BANK_F
140220039584,MHCBBEBBTGT,CL_BANK_F
140220039634,MHCBBEBBXXX,CL_BANK_F
140220039684,MHCBBRSPXXX,CL_BANK_F
140220039734,MHCBKYKXXXX,CL_BANK_F
140220039786,MHCBNL2AXXX,CL_BANK_F
140220039836,MIAEKRSEXXX,CL_BANK_F
140220039902,MMCAATWWXXX,CL_BANK_F
140220039952,MMPAATWWXXX,CL_BANK_F
140220040004,MOBWRUM1AND,CL_BANK_F
140220040054,MOBWRUM1ARH,CL_BANK_F
140220040104,MOBWRUM1BRN,CL_BANK_F
140220040154,MOBWRUM1CHL,CL_BANK_F
140220040204,MOBWRUM1CHT,CL_BANK_F
140220040254,MOBWRUM1EKT,CL_BANK_F
140220040304,MOBWRUM1IRK,CL_BANK_F
140220040354,MOBWRUM1IVN,CL_BANK_F
140220040404,MOBWRUM1IZH,CL_BANK_F
140220040454,MOBWRUM1KAZ,CL_BANK_F
140220040504,MOBWRUM1KHB,CL_BANK_F
140220040555,MOBWRUM1KMR,CL_BANK_F
140220040606,MOBWRUM1KRG,CL_BANK_F
140220040656,MOBWRUM1KRS,CL_BANK_F
140220040706,MOBWRUM1KUR,CL_BANK_F
140220040757,MOBWRUM1LIP,CL_BANK_F
140220040808,MOBWRUM1MRM,CL_BANK_F
140220040858,MOBWRUM1NVK,CL_BANK_F
140220040909,MOBWRUM1NZH,CL_BANK_F
140220040959,MOBWRUM1OBN,CL_BANK_F
140220041010,MOBWRUM1OMS,CL_BANK_F
140220041061,MOBWRUM1ORL,CL_BANK_F
140220041112,MOBWRUM1PNZ,CL_BANK_F
140220041162,MOBWRUM1PRM,CL_BANK_F
140220041215,MOBWRUM1RST,CL_BANK_F
140220041265,MOBWRUM1SAM,CL_BANK_F
140220041316,MOBWRUM1SML,CL_BANK_F
140220041367,MOBWRUM1STV,CL_BANK_F
140220041418,MOBWRUM1SUR,CL_BANK_F
140220041469,MOBWRUM1SYK,CL_BANK_F
140220041520,MOBWRUM1SYN,CL_BANK_F
140220041570,MOBWRUM1TMN,CL_BANK_F
140220041620,MOBWRUM1TMS,CL_BANK_F
140220041671,MOBWRUM1TVR,CL_BANK_F
140220041721,MOBWRUM1UFA,CL_BANK_F
140220041772,MOBWRUM1VOL,CL_BANK_F
140220041822,MOBWRUM1VOR,CL_BANK_F
140220041873,MOBWRUM1YOL,CL_BANK_F
140220041923,MOBWRUMMNVS,CL_BANK_F
140220041973,MOBWRUMMSPB,CL_BANK_F
140220042024,MOBWRUMMTRS,CL_BANK_F
140220042074,MOBWRUMMVLD,CL_BANK_F
140220042125,MOBWRUMMXXX,CL_BANK_F
140220042186,MRESIT21XXX,CL_BANK_F
140220042238,MRSIGB21XXX,CL_BANK_F
140220042289,MSBCCNBJ0A3,CL_BANK_F
140220042344,MTUSUS33XXX,CL_BANK_F
140220042394,MTUSUS3JXXX,CL_BANK_F
140220042446,MVOGAT22XXX,CL_BANK_F
140220042497,MYSFUS31XXX,CL_BANK_F
140220042549,NACFVNVHXXX,CL_BANK_F
140220042612,NAPRITM1XXX,CL_BANK_F
140220042668,NATXCAMMXXX,CL_BANK_F
140220042732,NBEGEGCX034,CL_BANK_F
140450218009,,CL_BANK_N
140467650389,,CL_BANK_N
140668650143,,CL_BANK_N
140668650194,,CL_BANK_N
140668650244,,CL_BANK_N
140668650294,,CL_BANK_N
140668650344,,CL_BANK_N
140668650394,,CL_BANK_N
140668650444,,CL_BANK_N
140668650494,,CL_BANK_N
140749083883,,CL_BANK_N
140749083933,,CL_BANK_N
140749083983,,CL_BANK_N
140749786469,,CL_BANK_N
140220042783,NBEGEGCX045,CL_BANK_F
140220042839,NESBPLPWFMB,CL_BANK_F
140220042889,NESBPLPWXXX,CL_BANK_F
140220042939,NETHGB3LEQU,CL_BANK_F
140220042990,NISSJPJ1XXX,CL_BANK_F
140220043041,NOICGB21XXX,CL_BANK_F
140220043092,NSSSITM1XXX,CL_BANK_F
140220043142,OBSSITM1XXX,CL_BANK_F
140220043194,OLBCCOBBXXX,CL_BANK_F
140220043244,OLLECOBBXXX,CL_BANK_F
140220043294,OMBLGHACXXX,CL_BANK_F
140220043344,ONPBCAT1XXX,CL_BANK_F
140220043394,OPRRIT31XXX,CL_BANK_F
140220043535,ORIGGBA1XXX,CL_BANK_F
140220043585,OSHKHKH1XXX,CL_BANK_F
140220043635,PALCUS33XXX,CL_BANK_F
140220043707,PAYLFRP1XXX,CL_BANK_F
140220043783,PEVMAU21XXX,CL_BANK_F
140220043833,PIBPGB2LTGT,CL_BANK_F
140220043883,PICTITTTXXX,CL_BANK_F
140220043934,PINVBHBMXXX,CL_BANK_F
140220043984,PMATUS44XXX,CL_BANK_F
140220044034,POALILITCMN,CL_BANK_F
140220044084,POSOIT2215P,CL_BANK_F
140220044134,POSOIT2215Q,CL_BANK_F
140220044184,POVSIT21XXX,CL_BANK_F
140220044234,PPCEIT21XXX,CL_BANK_F
140220044284,PPPSITM1XXX,CL_BANK_F
140220044338,QNBAFRPPECB,CL_BANK_F
140220044390,QUMAAU21XXX,CL_BANK_F
140220044441,RAIFCH22E91,CL_BANK_F
140220044491,RAIFCH22RNL,CL_BANK_F
140220044544,RCBPBEBBTG2,CL_BANK_F
140220044594,RERVRU4CXXX,CL_BANK_F
140220044645,RLNWATWW318,CL_BANK_F
140220044695,RLNWATWWEBD,CL_BANK_F
140220044745,RLNWATWWHSL,CL_BANK_F
140220044795,RLNWATWWPZD,CL_BANK_F
140220044845,RLNWATWWSVH,CL_BANK_F
140220044895,RTBGDE5KXXX,CL_BANK_F
140220044945,RUPBBDDHNRC,CL_BANK_F
140220044995,RZBASGS1XXX,CL_BANK_F
140220045046,RZOOAT2L157,CL_BANK_F
140220045096,RZOOAT2L233,CL_BANK_F
140220045146,RZOOAT2L318,CL_BANK_F
140220045196,RZOOAT2L321,CL_BANK_F
140220045246,RZOOAT2L362,CL_BANK_F
140220045296,RZOOAT2L427,CL_BANK_F
140220045346,RZOOAT2L430,CL_BANK_F
140220045396,RZOOAT2L481,CL_BANK_F
140220045446,RZOOAT2L543,CL_BANK_F
140220045496,RZOOAT2L606,CL_BANK_F
140220045546,RZSBIT21042,CL_BANK_F
140220045596,RZSBIT21142,CL_BANK_F
140220045646,RZSBIT21242,CL_BANK_F
140220045702,SAGMKYKYXXX,CL_BANK_F
140220045752,SAHOFIH1MUL,CL_BANK_F
140220045803,SAMASARIXXX,CL_BANK_F
140220045853,SAOGITM1XXX,CL_BANK_F
140220045978,SBICCDKXXXX,CL_BANK_F
140220046046,SBININBB843,CL_BANK_F
140220046096,SBININBB844,CL_BANK_F
140220046146,SBININBB845,CL_BANK_F
140220046200,SBOSUS3TFSS,CL_BANK_F
140220046250,SCBLCNSXFTU,CL_BANK_F
140220046312,SCBLZML102N,CL_BANK_F
140220046362,SCBLZMLXSSU,CL_BANK_F
140220046412,SCBLZMLXXXX,CL_BANK_F
140220046462,SCHKHKH1XXX,CL_BANK_F
140220046513,SEDTIT21XXX,CL_BANK_F
140220046563,SEIOGB2LG66,CL_BANK_F
140220046613,SEKLHKHCXXX,CL_BANK_F
140220046663,SEONSES1XXX,CL_BANK_F
140220046714,SEPBIRTH040,CL_BANK_F
140220046767,SHRRIT21XXX,CL_BANK_F
140220046817,SIAOPTP1XXX,CL_BANK_F
140220046869,SIVSIT21XXX,CL_BANK_F
140220046920,SKYBCWCUXXX,CL_BANK_F
140220046970,SLOCCATTXXX,CL_BANK_F
140220047020,SMEBTHBKXXX,CL_BANK_F
140220047071,SORUGB21XXX,CL_BANK_F
140220047123,SRFSROB1XXX,CL_BANK_F
140220047173,SSCIUS33STO,CL_BANK_F
140220047224,SSPFGB2LXXX,CL_BANK_F
140220047274,SSTASES1XXX,CL_BANK_F
140220047325,STKTNOK1104,CL_BANK_F
140220047375,STKTNOK1105,CL_BANK_F
140220047426,STULPRSJXXX,CL_BANK_F
140220047476,STUUES22XXX,CL_BANK_F
140220047561,SWHCCHZ1XXX,CL_BANK_F
140220047611,SWHCCHZBXXX,CL_BANK_F
140220047664,TCZBBHBMXXX,CL_BANK_F
140220047720,TETRCH22XXX,CL_BANK_F
140220047775,TISSITR1XXX,CL_BANK_F
140220047827,TSDBRU22XXX,CL_BANK_F
140220047881,TXSEDE2HHDV,CL_BANK_F
140220047931,TXSEDE2HHLV,CL_BANK_F
140220047981,TXSEDE2HHPK,CL_BANK_F
140220048031,TXSEDE2HNLL,CL_BANK_F
140220048081,TXSEDE2HNLP,CL_BANK_F
140220048131,TXSEDE2HPBL,CL_BANK_F
140220048181,TXSEDE2HTAL,CL_BANK_F
140220048231,UAAMLT21XXX,CL_BANK_F
140220048281,UBOTTWTP008,CL_BANK_F
140220048331,UBOTTWTP103,CL_BANK_F
140220048383,UJSIUZ22XXX,CL_BANK_F
140220048521,UNERIT21XXX,CL_BANK_F
140220048575,VAPSITM1XXX,CL_BANK_F
140220048625,VBAAVNVX635,CL_BANK_F
140220048682,VDVRDE5DXXX,CL_BANK_F
140220048733,VFTSIE21XXX,CL_BANK_F
140220048783,VLTAFRPPXXX,CL_BANK_F
140220048835,VNONGB21XXX,CL_BANK_F
140220048885,VPDKDKKK091,CL_BANK_F
140220048935,VPDKDKKK092,CL_BANK_F
140220048985,VPDKDKKK093,CL_BANK_F
140220049035,VPDKDKKK094,CL_BANK_F
140220049085,VPDKDKKK095,CL_BANK_F
140220049135,VPDKDKKK096,CL_BANK_F
140220049185,VPDKDKKK097,CL_BANK_F
140220049235,VPDKDKKK098,CL_BANK_F
140220049285,VPDKDKKK099,CL_BANK_F
140220049341,VRATGHACXXX,CL_BANK_F
140220049425,WBAGDEA1XXX,CL_BANK_F
140220049475,WEIIGMG1XXX,CL_BANK_F
140220049527,WIFOSES1XXX,CL_BANK_F
140220049577,WOSYIT21XXX,CL_BANK_F
140220049627,WPACAU2SLPI,CL_BANK_F
140220049677,WSCTSES1XXX,CL_BANK_F
140220049727,WWLLGB3BXXX,CL_BANK_F
140220049777,XIHCCNB2XXX,CL_BANK_F
140220049829,XRBVES21SCL,CL_BANK_F
140750366267,,CL_BANK_N
140750506433,,CL_BANK_N
140750506482,,CL_BANK_N
140750506531,,CL_BANK_N
140685045416,,CL_BANK_N
140685045466,,CL_BANK_N
140685045516,,CL_BANK_N
140685045566,,CL_BANK_N
140685045616,,CL_BANK_N
140750607218,,CL_BANK_N
140750607267,,CL_BANK_N
140750607316,,CL_BANK_N
140750607365,,CL_BANK_N
140750607414,,CL_BANK_N
140750607463,,CL_BANK_N
140750607512,,CL_BANK_N
140750607561,,CL_BANK_N
140750607610,,CL_BANK_N
140708944770,,CL_BANK_N
140708944820,,CL_BANK_N
140708944870,,CL_BANK_N
140708944920,,CL_BANK_N
140708944971,,CL_BANK_N
140708945021,,CL_BANK_N
140708945071,,CL_BANK_N
140443922248,ABOCAEAAXXX,CL_BANK_F
140443922320,AKULSE21XXX,CL_BANK_F
140443922374,ALETITMMXXX,CL_BANK_F
140443922428,ARAIEGCXBUD,CL_BANK_F
140443922478,ARAIEGCXOPR,CL_BANK_F
140443922531,ARAIEGCXSEC,CL_BANK_F
140443922581,ARAIEGCXTRF,CL_BANK_F
140443922631,ARAIEGCXWUN,CL_BANK_F
140443922681,ARLMIQBAXXX,CL_BANK_F
140443922762,BAKOSI2XIBO,CL_BANK_F
140443922814,BAKOSI2XXXX,CL_BANK_F
140443922867,BAPPIT21338,CL_BANK_F
140443922920,BAPPIT21A28,CL_BANK_F
140443922973,BAPPIT21C33,CL_BANK_F
140443923023,BAPPIT21C35,CL_BANK_F
140443923074,BAPPIT21D01,CL_BANK_F
140443923126,BAPPIT21D04,CL_BANK_F
140443923176,BAPPIT21D05,CL_BANK_F
140443923228,BAPPIT21D06,CL_BANK_F
140443923282,BAPPIT21D07,CL_BANK_F
140443923335,BAPPIT21D09,CL_BANK_F
140443923385,BAPPIT21D10,CL_BANK_F
140443923435,BAPPIT21D11,CL_BANK_F
140443923488,BAPPIT21D12,CL_BANK_F
140443923538,BAPPIT21D13,CL_BANK_F
140443923588,BAPPIT21D14,CL_BANK_F
140443923638,BAPPIT21D15,CL_BANK_F
140443923689,BAPPIT21D16,CL_BANK_F
140443923741,BAPPIT21D17,CL_BANK_F
140443923791,BAPPIT21D20,CL_BANK_F
140443923844,BAPPIT21D21,CL_BANK_F
140443923894,BAPPIT21T2S,CL_BANK_F
140443923947,BAPPIT21V01,CL_BANK_F
140443923997,BAPPIT21V02,CL_BANK_F
140443924047,BAPPIT22C34,CL_BANK_F
140443924097,BAPPIT22XXX,CL_BANK_F
140443924159,BBHCUS3IMUK,CL_BANK_F
140443924209,BCVAIT2V080,CL_BANK_F
140443924262,BDRSBOLPXXX,CL_BANK_F
140443924312,BEASCNSHSHA,CL_BANK_F
140443924365,BEGNIRTHSAA,CL_BANK_F
140443924415,BEXADZAL111,CL_BANK_F
140443924468,BEXADZAL114,CL_BANK_F
140443924518,BEXADZAL912,CL_BANK_F
140443924575,BKMTIRTHQZV,CL_BANK_F
140443924655,BMZRCNB1XXX,CL_BANK_F
140443924705,BNNEUS66XXX,CL_BANK_F
140443924760,BNPAFRPPEQD,CL_BANK_F
140443924813,BPALITRDXXX,CL_BANK_F
140443924863,BPSPIT31XXX,CL_BANK_F
140443924933,BUZUIT23XXX,CL_BANK_F
140443924985,BVALESMMRFN,CL_BANK_F
140443925044,BYLADEM1EIS,CL_BANK_F
140443925097,BYLADEM1ING,CL_BANK_F
140443925153,CASRITA1147,CL_BANK_F
140443925230,CASRITA1148,CL_BANK_F
140443925281,CCDQCAMMIMM,CL_BANK_F
140443925335,CCDQCAMMXXX,CL_BANK_F
140443925385,CCEXGB2LFEX,CL_BANK_F
140443925435,CCPLLULLXXX,CL_BANK_F
140443925502,CCRTIT2TBSG,CL_BANK_F
140443925556,CCZEIT21XXX,CL_BANK_F
140443925606,CELADEFFXXX,CL_BANK_F
140443925661,CHASPEP1XXX,CL_BANK_F
140443925716,CITGUS44MIL,CL_BANK_F
140443925769,CLAOGB2LAHI,CL_BANK_F
140443925819,CLAOGB2LAQR,CL_BANK_F
140443925869,CLAOGB2LBMO,CL_BANK_F
140443925919,CLAOGB2LCAS,CL_BANK_F
140443925972,CLAOGB2LCSW,CL_BANK_F
140443926022,CLAOGB2LFBC,CL_BANK_F
140443926072,CLAOGB2LFDS,CL_BANK_F
140443926122,CLAOGB2LGPS,CL_BANK_F
140443926172,CLAOGB2LIBA,CL_BANK_F
140443926222,CLAOGB2LMUL,CL_BANK_F
140443926272,CLAOGB2LMYT,CL_BANK_F
140443926322,CLAOGB2LNTA,CL_BANK_F
140443926372,CLAOGB2LORB,CL_BANK_F
140443926422,CLAOGB2LRPA,CL_BANK_F
140443926475,CLAOGB2LSGA,CL_BANK_F
140443926525,CLAOGB2LSLI,CL_BANK_F
140443926575,CLAOGB2LVES,CL_BANK_F
140443926625,CLAOLU2LMYT,CL_BANK_F
140443926675,CLNACHBLXXX,CL_BANK_F
140443926725,CLRBGB22XXX,CL_BANK_F
140443926779,COMMFRPPXXX,CL_BANK_F
140443926839,CPTRFR21XXX,CL_BANK_F
140443926889,CRACIT31100,CL_BANK_F
140443926942,CRACIT31101,CL_BANK_F
140443926992,CRACIT31102,CL_BANK_F
140443927042,CRACIT31103,CL_BANK_F
140443927093,CRACIT31104,CL_BANK_F
140443927145,CRACIT31105,CL_BANK_F
140443927195,CRACIT31110,CL_BANK_F
140443927245,CRACIT31200,CL_BANK_F
140443927295,CRACIT31300,CL_BANK_F
140443927348,CRACIT31301,CL_BANK_F
140443927398,CRACIT31302,CL_BANK_F
140443927448,CRACIT31303,CL_BANK_F
140443927500,CRACIT31307,CL_BANK_F
140443927551,CRACIT31308,CL_BANK_F
140443927601,CRACIT31309,CL_BANK_F
140443927651,CRACIT31310,CL_BANK_F
140443927701,CRACIT31311,CL_BANK_F
140443927751,CRACIT31312,CL_BANK_F
140443927804,CRACIT31313,CL_BANK_F
140443927854,CRACIT31314,CL_BANK_F
140443927904,CRACIT31315,CL_BANK_F
140443927957,CRACIT31316,CL_BANK_F
140443928007,CRACIT31317,CL_BANK_F
140443928057,CRACIT31320,CL_BANK_F
140443928110,CRACIT31321,CL_BANK_F
140443928160,CRACIT31322,CL_BANK_F
140443928210,CRACIT31323,CL_BANK_F
140443928260,CRACIT31330,CL_BANK_F
140443928312,CRACIT31331,CL_BANK_F
140443928363,CRACIT31332,CL_BANK_F
140443928413,CRACIT31400,CL_BANK_F
140443928463,CRACIT31401,CL_BANK_F
140443928513,CRACIT31402,CL_BANK_F
140443928563,CRACIT31407,CL_BANK_F
140443928614,CRACIT31408,CL_BANK_F
140443928666,CRACIT31409,CL_BANK_F
140443928716,CRACIT31411,CL_BANK_F
140443928766,CRACIT31412,CL_BANK_F
140443928816,CRACIT31413,CL_BANK_F
140443928869,CRACIT33326,CL_BANK_F
140443928924,CRACIT33XXX,CL_BANK_F
140443928981,CRBIITA1XXX,CL_BANK_F
140443929033,CREBIT21002,CL_BANK_F
140443929084,CREBIT21003,CL_BANK_F
140443929135,CREBIT21004,CL_BANK_F
140443929187,CREBIT21005,CL_BANK_F
140443929237,CREBIT21006,CL_BANK_F
140443929287,CREBIT21007,CL_BANK_F
140443929340,CREBIT21008,CL_BANK_F
140443929390,CREBIT21009,CL_BANK_F
140443929440,CREBIT21013,CL_BANK_F
140443929491,CREBIT21016,CL_BANK_F
140443929543,CREBIT21017,CL_BANK_F
140443929593,CREBIT21018,CL_BANK_F
140443929643,CREBIT21019,CL_BANK_F
140443929696,CREBIT21022,CL_BANK_F
140443929746,CREBIT21025,CL_BANK_F
140443929796,CREBIT21026,CL_BANK_F
140443929849,CREBIT21027,CL_BANK_F
140443929899,CREBIT21028,CL_BANK_F
140443929949,CREBIT21030,CL_BANK_F
140443929999,CREBIT21031,CL_BANK_F
140443930052,CREBIT21032,CL_BANK_F
140443930105,CREBIT21033,CL_BANK_F
140443930155,CREBIT21035,CL_BANK_F
140443930205,CREBIT21039,CL_BANK_F
140443930258,CREBIT21041,CL_BANK_F
140443930308,CREBIT21042,CL_BANK_F
140443930358,CREBIT21043,CL_BANK_F
140443930408,CREBIT21044,CL_BANK_F
140443930461,CREBIT21045,CL_BANK_F
140443930511,CREBIT21046,CL_BANK_F
140443930561,CREBIT21047,CL_BANK_F
140443930611,CREBIT21049,CL_BANK_F
140443930664,CREBIT21051,CL_BANK_F
140443930714,CREBIT21052,CL_BANK_F
140443930764,CREBIT21053,CL_BANK_F
140443930814,CREBIT21054,CL_BANK_F
140443930864,CREBIT21055,CL_BANK_F
140443930917,CREBIT21056,CL_BANK_F
140443930967,CREBIT21057,CL_BANK_F
140443931017,CREBIT21058,CL_BANK_F
140443931067,CREBIT21061,CL_BANK_F
140443931120,CREBIT21064,CL_BANK_F
140443931170,CREBIT21065,CL_BANK_F
140443931220,CREBIT21066,CL_BANK_F
140443931270,CREBIT21067,CL_BANK_F
140443931323,CREBIT21070,CL_BANK_F
140443931373,CREBIT21071,CL_BANK_F
140443931423,CREBIT21072,CL_BANK_F
140443931473,CREBIT21073,CL_BANK_F
140443931526,CREBIT21074,CL_BANK_F
140443931576,CREBIT21075,CL_BANK_F
140443931626,CREBIT21076,CL_BANK_F
140443931676,CREBIT21077,CL_BANK_F
140443931729,CREBIT21078,CL_BANK_F
140443931779,CREBIT21079,CL_BANK_F
140443931829,CREBIT21081,CL_BANK_F
140443931882,CREBIT21084,CL_BANK_F
140443931932,CREBIT21085,CL_BANK_F
140443931985,CREBIT21086,CL_BANK_F
140443932035,CREBIT21087,CL_BANK_F
140443932085,CREBIT21088,CL_BANK_F
140443932135,CREBIT21093,CL_BANK_F
140443932188,CREBIT21094,CL_BANK_F
140443932238,CREBIT21095,CL_BANK_F
140443932291,CREBIT21096,CL_BANK_F
140443932341,CREBIT21097,CL_BANK_F
140443932391,CREBIT21098,CL_BANK_F
140443932444,CREBIT21101,CL_BANK_F
140443932494,CREBIT21102,CL_BANK_F
140443932547,CREBIT21103,CL_BANK_F
140443932597,CREBIT21104,CL_BANK_F
140443932647,CREBIT21106,CL_BANK_F
140443932700,CREBIT21107,CL_BANK_F
140443932750,CREBIT21108,CL_BANK_F
140443932800,CREBIT21109,CL_BANK_F
140443932851,CREBIT21110,CL_BANK_F
140443932903,CREBIT21111,CL_BANK_F
140443932953,CREBIT21112,CL_BANK_F
140443933003,CREBIT21113,CL_BANK_F
140443933053,CREBIT21114,CL_BANK_F
140443933104,CREBIT21115,CL_BANK_F
140443933156,CREBIT21116,CL_BANK_F
140443933207,CREBIT21117,CL_BANK_F
140443933257,CREBIT21118,CL_BANK_F
140443933309,CREBIT21119,CL_BANK_F
140443933360,CREBIT21120,CL_BANK_F
140443933410,CREBIT21121,CL_BANK_F
140443933460,CREBIT21122,CL_BANK_F
140443933510,CREBIT21123,CL_BANK_F
140443933560,CREBIT21124,CL_BANK_F
140443933613,CREBIT21125,CL_BANK_F
140443933663,CREBIT21126,CL_BANK_F
140443933713,CREBIT21127,CL_BANK_F
140443933763,CREBIT21128,CL_BANK_F
140443933816,CREBIT21129,CL_BANK_F
140443933866,CREBIT21130,CL_BANK_F
140443933916,CREBIT21131,CL_BANK_F
140443933968,CREBIT21134,CL_BANK_F
140443934019,CREBIT21137,CL_BANK_F
140443934069,CREBIT21141,CL_BANK_F
140443934122,CREBIT21143,CL_BANK_F
140443934172,CREBIT21145,CL_BANK_F
140443934222,CREBIT21146,CL_BANK_F
140443934272,CREBIT21148,CL_BANK_F
140443934322,CREBIT21149,CL_BANK_F
140443934375,CREBIT21150,CL_BANK_F
140443934425,CREBIT21151,CL_BANK_F
140443934475,CREBIT21152,CL_BANK_F
140443934525,CREBIT21153,CL_BANK_F
140443934578,CREBIT21154,CL_BANK_F
140443934628,CREBIT21186,CL_BANK_F
140443934681,CREBIT21188,CL_BANK_F
140443934734,CREBIT21198,CL_BANK_F
140443934784,CREBIT21241,CL_BANK_F
140443934834,CREBIT21242,CL_BANK_F
140443934897,CREBIT21244,CL_BANK_F
140443934947,CREBIT21245,CL_BANK_F
140443934997,CREBIT21246,CL_BANK_F
140443935050,CREBIT21247,CL_BANK_F
140443935101,CREBIT21248,CL_BANK_F
140443935153,CREBIT21249,CL_BANK_F
140443935203,CREBIT21251,CL_BANK_F
140443935256,CREBIT21252,CL_BANK_F
140443935306,CREBIT21253,CL_BANK_F
140443935357,CREBIT21254,CL_BANK_F
140443935409,CREBIT21256,CL_BANK_F
140443935459,CREBIT21257,CL_BANK_F
140443935512,CREBIT21258,CL_BANK_F
140443935562,CREBIT21260,CL_BANK_F
140443935612,CREBIT21262,CL_BANK_F
140443935665,CREBIT21263,CL_BANK_F
140443935715,CREBIT21264,CL_BANK_F
140443935768,CREBIT21265,CL_BANK_F
140443935818,CREBIT21266,CL_BANK_F
140443935868,CREBIT21267,CL_BANK_F
140443935921,CREBIT21268,CL_BANK_F
140443935971,CREBIT21269,CL_BANK_F
140443936021,CREBIT21270,CL_BANK_F
140443936071,CREBIT21271,CL_BANK_F
140443936121,CREBIT21272,CL_BANK_F
140443936174,CREBIT21273,CL_BANK_F
140443936224,CREBIT22010,CL_BANK_F
140443936274,CREBIT22011,CL_BANK_F
140443936324,CREBIT22015,CL_BANK_F
140443936375,CREBIT22020,CL_BANK_F
140443936427,CREBIT22036,CL_BANK_F
140443936477,CREBIT22037,CL_BANK_F
140443936527,CREBIT22038,CL_BANK_F
140443936580,CREBIT22040,CL_BANK_F
140443936630,CREBIT22048,CL_BANK_F
140443936680,CREBIT22059,CL_BANK_F
140443936730,CREBIT22060,CL_BANK_F
140443936780,CREBIT22062,CL_BANK_F
140443936830,CREBIT22063,CL_BANK_F
140443936882,CREBIT22068,CL_BANK_F
140443936933,CREBIT22069,CL_BANK_F
140443936983,CREBIT22083,CL_BANK_F
140443937033,CREBIT22089,CL_BANK_F
140443937083,CREBIT22090,CL_BANK_F
140443937133,CREBIT22243,CL_BANK_F
140443937186,CREBIT22250,CL_BANK_F
140443937236,CREBIT22255,CL_BANK_F
140443937286,CREBIT22259,CL_BANK_F
140220033179,FMCCCATMIBC,CL_BANK_F
140220033231,FONKDKKKXXX,CL_BANK_F
140220033281,FSIMGB31XXX,CL_BANK_F
140220033331,FSSEZAJJXXX,CL_BANK_F
140220033381,FUPTDE66XXX,CL_BANK_F
140220033432,GARKPHM1XXX,CL_BANK_F
140220033486,GENODEF1ARY,CL_BANK_F
140220033536,GENODEF1BBT,CL_BANK_F
140220033586,GENODEF1VK3,CL_BANK_F
140220033636,GENODEF1VK4,CL_BANK_F
140220033686,GENODES1TUT,CL_BANK_F
140220033738,GLOPUS33CSA,CL_BANK_F
140220033788,GLOPUS33MCA,CL_BANK_F
140220033838,GLOPUS33TPG,CL_BANK_F
140220033888,GOLDDEFAXXX,CL_BANK_F
140220033947,GRFHDE6EXXX,CL_BANK_F
140220033998,HABBCNBUXXX,CL_BANK_F
140220034048,HASESGSGXXX,CL_BANK_F
140220034098,HBUKGB4194Z,CL_BANK_F
